case_id,subset,label,repeat,converged,solve_seconds,process_seconds,iterations,ns,fsqr,fsqz,fsql,coil_normal_field_rms,input_sha256,response_sha256,core_sha256,error
263908,held-out,candidate,1,False,0.006196000000272761,1.3162802499991813,,,,,,,f5e7e6358e7a917e928a71f1bc47bb102ad1a0c46a1a32aa5eb2a6d8886f8a55,6e27882918633a17900e600b9851711a31624d913d9f7ee9d6c9de12eaf74ac5,1a7c1c75ea349004161725842096d51274559ba63849880d707eee823cc42d67,"ValueError: There was an error in one or more threads during a VMEC++ run:
Thread 0:
	FATAL ERROR in thread=0. The solver failed during the first iterations. This may happen if the initial boundary is poorly shaped or if it isn't spectrally condensed enough.
"
263908,held-out,baseline,1,False,0.006374874999892199,1.470082125000772,,,,,,,f5e7e6358e7a917e928a71f1bc47bb102ad1a0c46a1a32aa5eb2a6d8886f8a55,6e27882918633a17900e600b9851711a31624d913d9f7ee9d6c9de12eaf74ac5,2465dae850eae8a246bb01df229c79b75d4113380c6ef7a9b71a16314e4726b8,"ValueError: There was an error in one or more threads during a VMEC++ run:
Thread 0:
	FATAL ERROR in thread=0. The solver failed during the first iterations. This may happen if the initial boundary is poorly shaped or if it isn't spectrally condensed enough.
Thread 3:
	FATAL ERROR in thread=3. The solver failed during the first iterations. This may happen if the initial boundary is poorly shaped or if it isn't spectrally condensed enough.
Thread 2:
	FATAL ERROR in thread=2. The solver failed during the first iterations. This may happen if the initial boundary is poorly shaped or if it isn't spectrally condensed enough.
Thread 1:
	FATAL ERROR in thread=1. The solver failed during the first iterations. This may happen if the initial boundary is poorly shaped or if it isn't spectrally condensed enough.
"
2048152,held-out,candidate,1,False,0.004725749999124673,1.2128971669990278,,,,,,,90ecaac396406a4eba907f89ff8451642c9f73a68a0c033958e543b0b3f5ba65,44654241662039e0490a405408d45a9125a25b848f0833d48c093d02a5db9571,1a7c1c75ea349004161725842096d51274559ba63849880d707eee823cc42d67,"ValueError: There was an error in one or more threads during a VMEC++ run:
Thread 0:
	FATAL ERROR in thread=0. The solver failed during the first iterations. This may happen if the initial boundary is poorly shaped or if it isn't spectrally condensed enough.
"
2048152,held-out,baseline,1,False,0.004325083000367158,1.2011731670008885,,,,,,,90ecaac396406a4eba907f89ff8451642c9f73a68a0c033958e543b0b3f5ba65,44654241662039e0490a405408d45a9125a25b848f0833d48c093d02a5db9571,2465dae850eae8a246bb01df229c79b75d4113380c6ef7a9b71a16314e4726b8,"ValueError: There was an error in one or more threads during a VMEC++ run:
Thread 3:
	FATAL ERROR in thread=3. The solver failed during the first iterations. This may happen if the initial boundary is poorly shaped or if it isn't spectrally condensed enough.
Thread 0:
	FATAL ERROR in thread=0. The solver failed during the first iterations. This may happen if the initial boundary is poorly shaped or if it isn't spectrally condensed enough.
Thread 2:
	FATAL ERROR in thread=2. The solver failed during the first iterations. This may happen if the initial boundary is poorly shaped or if it isn't spectrally condensed enough.
Thread 1:
	FATAL ERROR in thread=1. The solver failed during the first iterations. This may happen if the initial boundary is poorly shaped or if it isn't spectrally condensed enough.
"
831841,discovery,baseline,2,False,0.004179374998784624,1.2094653339991055,,,,,,,593f61622cb37c803e1d5fc4c16e734c2eb145be5600832c98d1c0484b82a336,4a9c5987579f591d673366baf687a25ee4e1c02be852a36430fb30fcff0c0d62,2465dae850eae8a246bb01df229c79b75d4113380c6ef7a9b71a16314e4726b8,"ValueError: There was an error in one or more threads during a VMEC++ run:
Thread 3:
	FATAL ERROR in thread=3. The solver failed during the first iterations. This may happen if the initial boundary is poorly shaped or if it isn't spectrally condensed enough.
Thread 0:
	FATAL ERROR in thread=0. The solver failed during the first iterations. This may happen if the initial boundary is poorly shaped or if it isn't spectrally condensed enough.
Thread 2:
	FATAL ERROR in thread=2. The solver failed during the first iterations. This may happen if the initial boundary is poorly shaped or if it isn't spectrally condensed enough.
Thread 1:
	FATAL ERROR in thread=1. The solver failed during the first iterations. This may happen if the initial boundary is poorly shaped or if it isn't spectrally condensed enough.
"
831841,discovery,candidate,2,False,0.0047952080003597075,1.2136871670008986,,,,,,,593f61622cb37c803e1d5fc4c16e734c2eb145be5600832c98d1c0484b82a336,4a9c5987579f591d673366baf687a25ee4e1c02be852a36430fb30fcff0c0d62,1a7c1c75ea349004161725842096d51274559ba63849880d707eee823cc42d67,"ValueError: There was an error in one or more threads during a VMEC++ run:
Thread 0:
	FATAL ERROR in thread=0. The solver failed during the first iterations. This may happen if the initial boundary is poorly shaped or if it isn't spectrally condensed enough.
"
263908,held-out,candidate,2,False,0.004596250000759028,1.151146541998969,,,,,,,f5e7e6358e7a917e928a71f1bc47bb102ad1a0c46a1a32aa5eb2a6d8886f8a55,6e27882918633a17900e600b9851711a31624d913d9f7ee9d6c9de12eaf74ac5,1a7c1c75ea349004161725842096d51274559ba63849880d707eee823cc42d67,"ValueError: There was an error in one or more threads during a VMEC++ run:
Thread 0:
	FATAL ERROR in thread=0. The solver failed during the first iterations. This may happen if the initial boundary is poorly shaped or if it isn't spectrally condensed enough.
"
263908,held-out,baseline,2,False,0.004026833999887458,1.2017161660005513,,,,,,,f5e7e6358e7a917e928a71f1bc47bb102ad1a0c46a1a32aa5eb2a6d8886f8a55,6e27882918633a17900e600b9851711a31624d913d9f7ee9d6c9de12eaf74ac5,2465dae850eae8a246bb01df229c79b75d4113380c6ef7a9b71a16314e4726b8,"ValueError: There was an error in one or more threads during a VMEC++ run:
Thread 0:
	FATAL ERROR in thread=0. The solver failed during the first iterations. This may happen if the initial boundary is poorly shaped or if it isn't spectrally condensed enough.
Thread 2:
	FATAL ERROR in thread=2. The solver failed during the first iterations. This may happen if the initial boundary is poorly shaped or if it isn't spectrally condensed enough.
Thread 1:
	FATAL ERROR in thread=1. The solver failed during the first iterations. This may happen if the initial boundary is poorly shaped or if it isn't spectrally condensed enough.
Thread 3:
	FATAL ERROR in thread=3. The solver failed during the first iterations. This may happen if the initial boundary is poorly shaped or if it isn't spectrally condensed enough.
"
2049308,held-out,baseline,0,False,0.003832582999166334,1.205224207998981,,,,,,,6accc6160ba19c6a418856e683f365da2694fca5ca59f598e3938bf4fc4ef94b,dd22d878a87d96583398ae607b33882f5f15586877eeb3b9d553fe9b60f0975c,2465dae850eae8a246bb01df229c79b75d4113380c6ef7a9b71a16314e4726b8,"ValueError: There was an error in one or more threads during a VMEC++ run:
Thread 0:
	FATAL ERROR in thread=0. The solver failed during the first iterations. This may happen if the initial boundary is poorly shaped or if it isn't spectrally condensed enough.
Thread 3:
	FATAL ERROR in thread=3. The solver failed during the first iterations. This may happen if the initial boundary is poorly shaped or if it isn't spectrally condensed enough.
Thread 2:
	FATAL ERROR in thread=2. The solver failed during the first iterations. This may happen if the initial boundary is poorly shaped or if it isn't spectrally condensed enough.
Thread 1:
	FATAL ERROR in thread=1. The solver failed during the first iterations. This may happen if the initial boundary is poorly shaped or if it isn't spectrally condensed enough.
"
2049308,held-out,candidate,0,False,0.004425041999638779,1.157677250001143,,,,,,,6accc6160ba19c6a418856e683f365da2694fca5ca59f598e3938bf4fc4ef94b,dd22d878a87d96583398ae607b33882f5f15586877eeb3b9d553fe9b60f0975c,1a7c1c75ea349004161725842096d51274559ba63849880d707eee823cc42d67,"ValueError: There was an error in one or more threads during a VMEC++ run:
Thread 0:
	FATAL ERROR in thread=0. The solver failed during the first iterations. This may happen if the initial boundary is poorly shaped or if it isn't spectrally condensed enough.
"
2042445,held-out,baseline,2,False,0.004455542000869173,1.1941493750000518,,,,,,,aa9a4303e03cf2d4280ffe34904bcf1611ba32533a2c4d392e2dca747832ff59,171db2816f6f66a9c85fbba85014010786a2c1f235ad0aa4c1b01e2d8e2c3664,2465dae850eae8a246bb01df229c79b75d4113380c6ef7a9b71a16314e4726b8,"ValueError: There was an error in one or more threads during a VMEC++ run:
Thread 1:
	FATAL ERROR in thread=1. The solver failed during the first iterations. This may happen if the initial boundary is poorly shaped or if it isn't spectrally condensed enough.
Thread 3:
	FATAL ERROR in thread=3. The solver failed during the first iterations. This may happen if the initial boundary is poorly shaped or if it isn't spectrally condensed enough.
Thread 2:
	FATAL ERROR in thread=2. The solver failed during the first iterations. This may happen if the initial boundary is poorly shaped or if it isn't spectrally condensed enough.
Thread 0:
	FATAL ERROR in thread=0. The solver failed during the first iterations. This may happen if the initial boundary is poorly shaped or if it isn't spectrally condensed enough.
"
2042445,held-out,candidate,2,False,0.004205957999147358,1.1664776659999916,,,,,,,aa9a4303e03cf2d4280ffe34904bcf1611ba32533a2c4d392e2dca747832ff59,171db2816f6f66a9c85fbba85014010786a2c1f235ad0aa4c1b01e2d8e2c3664,1a7c1c75ea349004161725842096d51274559ba63849880d707eee823cc42d67,"ValueError: There was an error in one or more threads during a VMEC++ run:
Thread 0:
	FATAL ERROR in thread=0. The solver failed during the first iterations. This may happen if the initial boundary is poorly shaped or if it isn't spectrally condensed enough.
"
136030,held-out,baseline,1,False,0.003847374999168096,1.1621355420011241,,,,,,,e967f7be1eab62c1afbabfdaa94ef422918886d824549669baa4a6e4142bc93c,e07c366a4fbf164b1b062fea399a8b798b1a3aae43077c40148ca8f6532790b6,2465dae850eae8a246bb01df229c79b75d4113380c6ef7a9b71a16314e4726b8,"ValueError: There was an error in one or more threads during a VMEC++ run:
Thread 0:
	FATAL ERROR in thread=0. The solver failed during the first iterations. This may happen if the initial boundary is poorly shaped or if it isn't spectrally condensed enough.
Thread 3:
	FATAL ERROR in thread=3. The solver failed during the first iterations. This may happen if the initial boundary is poorly shaped or if it isn't spectrally condensed enough.
Thread 1:
	FATAL ERROR in thread=1. The solver failed during the first iterations. This may happen if the initial boundary is poorly shaped or if it isn't spectrally condensed enough.
Thread 2:
	FATAL ERROR in thread=2. The solver failed during the first iterations. This may happen if the initial boundary is poorly shaped or if it isn't spectrally condensed enough.
"
136030,held-out,candidate,1,False,0.004353584001364652,1.1525443340015045,,,,,,,e967f7be1eab62c1afbabfdaa94ef422918886d824549669baa4a6e4142bc93c,e07c366a4fbf164b1b062fea399a8b798b1a3aae43077c40148ca8f6532790b6,1a7c1c75ea349004161725842096d51274559ba63849880d707eee823cc42d67,"ValueError: There was an error in one or more threads during a VMEC++ run:
Thread 0:
	FATAL ERROR in thread=0. The solver failed during the first iterations. This may happen if the initial boundary is poorly shaped or if it isn't spectrally condensed enough.
"
134699,discovery,baseline,0,False,0.003859583001030842,1.153011083999445,,,,,,,7800cdb449ed1d2e2145d22c679cbd0e498efcbe729b5a10134581816b76bbd6,650e7de9aac1d76fd763a8dccaac7c84911123f2c75145488ad1f8a3bfa8300c,2465dae850eae8a246bb01df229c79b75d4113380c6ef7a9b71a16314e4726b8,"ValueError: There was an error in one or more threads during a VMEC++ run:
Thread 2:
	FATAL ERROR in thread=2. The solver failed during the first iterations. This may happen if the initial boundary is poorly shaped or if it isn't spectrally condensed enough.
Thread 0:
	FATAL ERROR in thread=0. The solver failed during the first iterations. This may happen if the initial boundary is poorly shaped or if it isn't spectrally condensed enough.
Thread 3:
	FATAL ERROR in thread=3. The solver failed during the first iterations. This may happen if the initial boundary is poorly shaped or if it isn't spectrally condensed enough.
Thread 1:
	FATAL ERROR in thread=1. The solver failed during the first iterations. This may happen if the initial boundary is poorly shaped or if it isn't spectrally condensed enough.
"
134699,discovery,candidate,0,True,0.8841572090004775,2.336377249999714,1333,31,9.369894347349518e-10,6.158022914214535e-10,3.3954833099972277e-10,0.006189523032276213,7800cdb449ed1d2e2145d22c679cbd0e498efcbe729b5a10134581816b76bbd6,650e7de9aac1d76fd763a8dccaac7c84911123f2c75145488ad1f8a3bfa8300c,1a7c1c75ea349004161725842096d51274559ba63849880d707eee823cc42d67,
1046673,held-out,baseline,2,False,0.004039792000185116,1.1654910420002125,,,,,,,81a42038d8507a301e6a07ec54301e79167356a1a25bc5042c6329384167d183,252409ba0e94aff385fb0576c5a53e0eccc710836abb56c0166011e7d47e611c,2465dae850eae8a246bb01df229c79b75d4113380c6ef7a9b71a16314e4726b8,"ValueError: There was an error in one or more threads during a VMEC++ run:
Thread 3:
	FATAL ERROR in thread=3. The solver failed during the first iterations. This may happen if the initial boundary is poorly shaped or if it isn't spectrally condensed enough.
Thread 1:
	FATAL ERROR in thread=1. The solver failed during the first iterations. This may happen if the initial boundary is poorly shaped or if it isn't spectrally condensed enough.
Thread 0:
	FATAL ERROR in thread=0. The solver failed during the first iterations. This may happen if the initial boundary is poorly shaped or if it isn't spectrally condensed enough.
Thread 2:
	FATAL ERROR in thread=2. The solver failed during the first iterations. This may happen if the initial boundary is poorly shaped or if it isn't spectrally condensed enough.
"
1046673,held-out,candidate,2,False,0.004474915998798679,1.164651082999626,,,,,,,81a42038d8507a301e6a07ec54301e79167356a1a25bc5042c6329384167d183,252409ba0e94aff385fb0576c5a53e0eccc710836abb56c0166011e7d47e611c,1a7c1c75ea349004161725842096d51274559ba63849880d707eee823cc42d67,"ValueError: There was an error in one or more threads during a VMEC++ run:
Thread 0:
	FATAL ERROR in thread=0. The solver failed during the first iterations. This may happen if the initial boundary is poorly shaped or if it isn't spectrally condensed enough.
"
1978818,held-out,baseline,1,False,0.0039012910001474665,1.1475129589998687,,,,,,,b5e00838ecc476d5cb8abb4128c106470df27db8cafbd2279e88e99e59a21e04,7ac61fd2c317d980a562478a2d41439fdd0ceefc82f1ac7993c3d05618f56de0,2465dae850eae8a246bb01df229c79b75d4113380c6ef7a9b71a16314e4726b8,"ValueError: There was an error in one or more threads during a VMEC++ run:
Thread 3:
	FATAL ERROR in thread=3. The solver failed during the first iterations. This may happen if the initial boundary is poorly shaped or if it isn't spectrally condensed enough.
Thread 0:
	FATAL ERROR in thread=0. The solver failed during the first iterations. This may happen if the initial boundary is poorly shaped or if it isn't spectrally condensed enough.
Thread 2:
	FATAL ERROR in thread=2. The solver failed during the first iterations. This may happen if the initial boundary is poorly shaped or if it isn't spectrally condensed enough.
Thread 1:
	FATAL ERROR in thread=1. The solver failed during the first iterations. This may happen if the initial boundary is poorly shaped or if it isn't spectrally condensed enough.
"
1978818,held-out,candidate,1,False,0.00453712499984249,1.1485527910008386,,,,,,,b5e00838ecc476d5cb8abb4128c106470df27db8cafbd2279e88e99e59a21e04,7ac61fd2c317d980a562478a2d41439fdd0ceefc82f1ac7993c3d05618f56de0,1a7c1c75ea349004161725842096d51274559ba63849880d707eee823cc42d67,"ValueError: There was an error in one or more threads during a VMEC++ run:
Thread 0:
	FATAL ERROR in thread=0. The solver failed during the first iterations. This may happen if the initial boundary is poorly shaped or if it isn't spectrally condensed enough.
"
1886062,held-out,candidate,2,False,0.004195708999759518,1.140503415999774,,,,,,,ba6b9fb674f6cb97a2ff7965bf3a1df3a7f8184bad08c5e1f7b446288451cd91,46498af132127ced67ec8e57778ec1505be811ae2db70eff5e91bb312851e7af,1a7c1c75ea349004161725842096d51274559ba63849880d707eee823cc42d67,"ValueError: There was an error in one or more threads during a VMEC++ run:
Thread 0:
	FATAL ERROR in thread=0. The solver failed during the first iterations. This may happen if the initial boundary is poorly shaped or if it isn't spectrally condensed enough.
"
1886062,held-out,baseline,2,False,0.003939083000659593,1.1475628330008476,,,,,,,ba6b9fb674f6cb97a2ff7965bf3a1df3a7f8184bad08c5e1f7b446288451cd91,46498af132127ced67ec8e57778ec1505be811ae2db70eff5e91bb312851e7af,2465dae850eae8a246bb01df229c79b75d4113380c6ef7a9b71a16314e4726b8,"ValueError: There was an error in one or more threads during a VMEC++ run:
Thread 1:
	FATAL ERROR in thread=1. The solver failed during the first iterations. This may happen if the initial boundary is poorly shaped or if it isn't spectrally condensed enough.
Thread 2:
	FATAL ERROR in thread=2. The solver failed during the first iterations. This may happen if the initial boundary is poorly shaped or if it isn't spectrally condensed enough.
Thread 3:
	FATAL ERROR in thread=3. The solver failed during the first iterations. This may happen if the initial boundary is poorly shaped or if it isn't spectrally condensed enough.
Thread 0:
	FATAL ERROR in thread=0. The solver failed during the first iterations. This may happen if the initial boundary is poorly shaped or if it isn't spectrally condensed enough.
"
2009977,held-out,candidate,1,False,0.004352084000856848,1.1616865420000977,,,,,,,fdc1f0ab85ec9f721cd9eeef278462b37c4974fb918ce4cbd9f3e8092efbd227,1009c5543c190faa8fac0e86bd15cd5038f2754d687359f61fc4937a3c0cf715,1a7c1c75ea349004161725842096d51274559ba63849880d707eee823cc42d67,"ValueError: There was an error in one or more threads during a VMEC++ run:
Thread 0:
	FATAL ERROR in thread=0. The solver failed during the first iterations. This may happen if the initial boundary is poorly shaped or if it isn't spectrally condensed enough.
"
2009977,held-out,baseline,1,False,0.003920584000297822,1.2064527919992543,,,,,,,fdc1f0ab85ec9f721cd9eeef278462b37c4974fb918ce4cbd9f3e8092efbd227,1009c5543c190faa8fac0e86bd15cd5038f2754d687359f61fc4937a3c0cf715,2465dae850eae8a246bb01df229c79b75d4113380c6ef7a9b71a16314e4726b8,"ValueError: There was an error in one or more threads during a VMEC++ run:
Thread 2:
	FATAL ERROR in thread=2. The solver failed during the first iterations. This may happen if the initial boundary is poorly shaped or if it isn't spectrally condensed enough.
Thread 0:
	FATAL ERROR in thread=0. The solver failed during the first iterations. This may happen if the initial boundary is poorly shaped or if it isn't spectrally condensed enough.
Thread 1:
	FATAL ERROR in thread=1. The solver failed during the first iterations. This may happen if the initial boundary is poorly shaped or if it isn't spectrally condensed enough.
Thread 3:
	FATAL ERROR in thread=3. The solver failed during the first iterations. This may happen if the initial boundary is poorly shaped or if it isn't spectrally condensed enough.
"
2091723,held-out,baseline,1,False,0.0038693750011589145,1.1570865829999093,,,,,,,3c6221482467005b6cfa3315640dbaeb200e6484ab4bc34bedf34ce4a951ad57,7ae8b7981eedde35b874d5795982d6e2e82d01971dfc46cc2e1d32fef45b5e78,2465dae850eae8a246bb01df229c79b75d4113380c6ef7a9b71a16314e4726b8,"ValueError: There was an error in one or more threads during a VMEC++ run:
Thread 0:
	FATAL ERROR in thread=0. The solver failed during the first iterations. This may happen if the initial boundary is poorly shaped or if it isn't spectrally condensed enough.
Thread 2:
	FATAL ERROR in thread=2. The solver failed during the first iterations. This may happen if the initial boundary is poorly shaped or if it isn't spectrally condensed enough.
Thread 1:
	FATAL ERROR in thread=1. The solver failed during the first iterations. This may happen if the initial boundary is poorly shaped or if it isn't spectrally condensed enough.
Thread 3:
	FATAL ERROR in thread=3. The solver failed during the first iterations. This may happen if the initial boundary is poorly shaped or if it isn't spectrally condensed enough.
"
2091723,held-out,candidate,1,False,0.004301834000216331,1.210093333000259,,,,,,,3c6221482467005b6cfa3315640dbaeb200e6484ab4bc34bedf34ce4a951ad57,7ae8b7981eedde35b874d5795982d6e2e82d01971dfc46cc2e1d32fef45b5e78,1a7c1c75ea349004161725842096d51274559ba63849880d707eee823cc42d67,"ValueError: There was an error in one or more threads during a VMEC++ run:
Thread 0:
	FATAL ERROR in thread=0. The solver failed during the first iterations. This may happen if the initial boundary is poorly shaped or if it isn't spectrally condensed enough.
"
916448,held-out,baseline,2,False,0.004424333999850205,1.1595252080005594,,,,,,,df5563f2249d9a7f2b8249b4e5918fac6bf4fcd8d6f91a4a9d422d8ad26087a8,9acd3e0ef4ceacc564417158240470b1f127d0c4275d1045afc787d378f7b768,2465dae850eae8a246bb01df229c79b75d4113380c6ef7a9b71a16314e4726b8,"ValueError: There was an error in one or more threads during a VMEC++ run:
Thread 3:
	FATAL ERROR in thread=3. The solver failed during the first iterations. This may happen if the initial boundary is poorly shaped or if it isn't spectrally condensed enough.
Thread 2:
	FATAL ERROR in thread=2. The solver failed during the first iterations. This may happen if the initial boundary is poorly shaped or if it isn't spectrally condensed enough.
Thread 0:
	FATAL ERROR in thread=0. The solver failed during the first iterations. This may happen if the initial boundary is poorly shaped or if it isn't spectrally condensed enough.
Thread 1:
	FATAL ERROR in thread=1. The solver failed during the first iterations. This may happen if the initial boundary is poorly shaped or if it isn't spectrally condensed enough.
"
916448,held-out,candidate,2,False,0.1197687500007305,1.2956861249986105,,,,,,,df5563f2249d9a7f2b8249b4e5918fac6bf4fcd8d6f91a4a9d422d8ad26087a8,9acd3e0ef4ceacc564417158240470b1f127d0c4275d1045afc787d378f7b768,1a7c1c75ea349004161725842096d51274559ba63849880d707eee823cc42d67,"ValueError: FATAL ERROR in SolveEquilibrium: JACOBIAN_75_TIMES_BAD The jacobian factor of the geometry repeatedly became negative, indicating that flux surfaces become self-intersecting. This can mean that your prescribed boundary is too shaped for VMEC to resolve
VmecINDATA had these contents:
{""ac"":[1.0,-1.0],""ac_aux_f"":[],""ac_aux_s"":[],""ai"":[],""ai_aux_f"":[],""ai_aux_s"":[],""am"":[1.0,-1.0],""am_aux_f"":[],""am_aux_s"":[],""aphi"":[1.0],""bloat"":1.0,""curtor"":0.0,""delt"":1.0,""extcur"":[-840271.3175582152],""free_boundary_method"":""nestor"",""ftol_array"":[1e-09,1e-09,1e-09],""gamma"":0.0,""iteration_style"":""vmec_8_52"",""lasym"":false,""lforbal"":false,""lfreeb"":true,""mgrid_file"":""NONE"",""mpol"":6,""mpol_geometry"":-1,""ncurr"":1,""nfp"":3,""niter_array"":[4000,4000,4000],""ns_array"":[8,16,31],""nstep"":200,""ntheta"":0,""ntor"":6,""ntor_geometry"":-1,""nvacskip"":6,""nzeta"":24,""pcurr_type"":""power_series"",""phiedge"":0.031173814338184988,""piota_type"":""power_series"",""pmass_type"":""power_series"",""pres_scale"":0.0,""raxis_c"":[1.0279688647627707,0.0,0.0,0.0,0.0,0.0,0.0],""rbc"":[{""m"":0,""n"":0,""value"":1.0279688647627707},{""m"":0,""n"":1,""value"":0.03148080449875809},{""m"":0,""n"":2,""value"":0.0008407610950400134},{""m"":0,""n"":3,""value"":3.3184178486408744e-05},{""m"":0,""n"":4,""value"":4.8806805878763935e-05},{""m"":0,""n"":5,""value"":1.2884442924092712e-07},{""m"":0,""n"":6,""value"":-6.851192919654278e-07},{""m"":1,""n"":-6,""value"":-3.882750279995283e-07},{""m"":1,""n"":-5,""value"":-1.9463751733102514e-06},{""m"":1,""n"":-4,""value"":-5.261438957466139e-06},{""m"":1,""n"":-3,""value"":0.00010365720480559665},{""m"":1,""n"":-2,""value"":-0.00027660791732053605},{""m"":1,""n"":-1,""value"":-0.0009069734231816544},{""m"":1,""n"":0,""value"":-0.103844495656083},{""m"":1,""n"":1,""value"":0.025273566230200686},{""m"":1,""n"":2,""value"":0.0001322782341499259},{""m"":1,""n"":3,""value"":-0.0002595268080817096},{""m"":1,""n"":4,""value"":-5.726650559718659e-05},{""m"":1,""n"":5,""value"":-3.2638570601932098e-06},{""m"":1,""n"":6,""value"":-1.2156168942640821e-06},{""m"":2,""n"":-6,""value"":6.576637914148568e-09},{""m"":2,""n"":-5,""value"":-7.737474209508385e-07},{""m"":2,""n"":-4,""value"":4.570185324931659e-06},{""m"":2,""n"":-3,""value"":4.7118374019509617e-05},{""m"":2,""n"":-2,""value"":-0.00026169631148875917},{""m"":2,""n"":-1,""value"":-0.0009272615277978448},{""m"":2,""n"":0,""value"":-0.02156323541099451},{""m"":2,""n"":1,""value"":0.016560279756639647},{""m"":2,""n"":2,""value"":0.0011847449463577998},{""m"":2,""n"":3,""value"":-0.00019026845840029177},{""m"":2,""n"":4,""value"":-3.720169702921421e-05},{""m"":2,""n"":5,""value"":-4.883868114970978e-06},{""m"":2,""n"":6,""value"":-4.9114708001184e-07},{""m"":3,""n"":-6,""value"":3.4228281721866995e-08},{""m"":3,""n"":-5,""value"":-3.195309879153459e-07},{""m"":3,""n"":-4,""value"":3.983586342937254e-07},{""m"":3,""n"":-3,""value"":1.7435560234126012e-05},{""m"":3,""n"":-2,""value"":-2.0327924710596456e-05},{""m"":3,""n"":-1,""value"":0.0004141717972956438},{""m"":3,""n"":0,""value"":-0.005662510840269214},{""m"":3,""n"":1,""value"":0.00883460828441955},{""m"":3,""n"":2,""value"":0.0012403888145047996},{""m"":3,""n"":3,""value"":-4.595639077242569e-05},{""m"":3,""n"":4,""value"":-2.9870860195385045e-05},{""m"":3,""n"":5,""value"":-4.9541533235351835e-06},{""m"":3,""n"":6,""value"":-4.569283202191983e-07},{""m"":4,""n"":-6,""value"":1.3750793973764682e-08},{""m"":4,""n"":-5,""value"":-1.2351318348317314e-07},{""m"":4,""n"":-4,""value"":-5.162554388745356e-09},{""m"":4,""n"":-3,""value"":9.597327466365913e-06},{""m"":4,""n"":-2,""value"":4.703327248398725e-05},{""m"":4,""n"":-1,""value"":0.00041434605579654724},{""m"":4,""n"":0,""value"":-0.0017501422483544896},{""m"":4,""n"":1,""value"":0.004153411954812245},{""m"":4,""n"":2,""value"":0.0009867360460666325},{""m"":4,""n"":3,""value"":4.1621868232139836e-05},{""m"":4,""n"":4,""value"":-2.006714214907473e-05},{""m"":4,""n"":5,""value"":-4.386175418748512e-06},{""m"":4,""n"":6,""value"":-4.638578678005959e-07},{""m"":5,""n"":-6,""value"":-1.8475255339734976e-08},{""m"":5,""n"":-5,""value"":-6.175413215489571e-09},{""m"":5,""n"":-4,""value"":2.7653775837724876e-07},{""m"":5,""n"":-3,""value"":5.164815116087939e-06},{""m"":5,""n"":-2,""value"":3.2380715071295584e-05},{""m"":5,""n"":-1,""value"":0.00019946021550834144},{""m"":5,""n"":0,""value"":-0.0005314328328675262},{""m"":5,""n"":1,""value"":0.0017807158264327913},{""m"":5,""n"":2,""value"":0.0006948830644870133},{""m"":5,""n"":3,""value"":7.336771749057526e-05},{""m"":5,""n"":4,""value"":-1.1226408670488765e-05},{""m"":5,""n"":5,""value"":-3.6344188364172523e-06},{""m"":5,""n"":6,""value"":-4.513699583774949e-07}],""return_outputs_even_if_not_converged"":false,""spres_ped"":1.0,""tcon0"":1.0,""zaxis_s"":[0.0,0.0,0.0,0.0,0.0,0.0,0.0],""zbs"":[{""m"":0,""n"":1,""value"":0.026765111769038605},{""m"":0,""n"":2,""value"":0.0008315068887000394},{""m"":0,""n"":3,""value"":0.00015479450542843013},{""m"":0,""n"":4,""value"":1.0368932042066113e-05},{""m"":0,""n"":5,""value"":7.131226623705379e-06},{""m"":0,""n"":6,""value"":-5.741584425098759e-07},{""m"":1,""n"":-6,""value"":7.950190469005049e-07},{""m"":1,""n"":-5,""value"":4.0097324822245914e-06},{""m"":1,""n"":-4,""value"":1.2089315396794848e-05},{""m"":1,""n"":-3,""value"":0.00016732494907782403},{""m"":1,""n"":-2,""value"":0.0005346582951876217},{""m"":1,""n"":-1,""value"":0.004471031738687485},{""m"":1,""n"":0,""value"":0.09335189350579715},{""m"":1,""n"":1,""value"":0.02372273755758077},{""m"":1,""n"":2,""value"":0.0015021919298381448},{""m"":1,""n"":3,""value"":-0.0001524324558519501},{""m"":1,""n"":4,""value"":5.979602986027114e-06},{""m"":1,""n"":5,""value"":-2.6580978389664566e-07},{""m"":1,""n"":6,""value"":6.739077855459157e-08},{""m"":2,""n"":-6,""value"":3.072032758495404e-07},{""m"":2,""n"":-5,""value"":9.967186353526421e-07},{""m"":2,""n"":-4,""value"":-5.762335468455787e-06},{""m"":2,""n"":-3,""value"":4.112220005899374e-05},{""m"":2,""n"":-2,""value"":0.00026821816994306713},{""m"":2,""n"":-1,""value"":0.004558450194979099},{""m"":2,""n"":0,""value"":0.037305507470222266},{""m"":2,""n"":1,""value"":0.01646686526924986},{""m"":2,""n"":2,""value"":0.00199532929439364},{""m"":2,""n"":3,""value"":-0.00012789673879923455},{""m"":2,""n"":4,""value"":-3.903098110049866e-06},{""m"":2,""n"":5,""value"":-1.0163022974720003e-06},{""m"":2,""n"":6,""value"":1.0253734057866774e-07},{""m"":3,""n"":-6,""value"":8.300192191680031e-08},{""m"":3,""n"":-5,""value"":-1.1059531494922754e-07},{""m"":3,""n"":-4,""value"":-4.522065884550117e-06},{""m"":3,""n"":-3,""value"":1.3056942346844593e-05},{""m"":3,""n"":-2,""value"":0.0001142840971416227},{""m"":3,""n"":-1,""value"":0.0015551568994369776},{""m"":3,""n"":0,""value"":0.010229375465787465},{""m"":3,""n"":1,""value"":0.009103322319246362},{""m"":3,""n"":2,""value"":0.0014784133170197976},{""m"":3,""n"":3,""value"":-6.002476149421074e-05},{""m"":3,""n"":4,""value"":-1.3719575905402294e-05},{""m"":3,""n"":5,""value"":-1.0069541364019274e-06},{""m"":3,""n"":6,""value"":7.176155421066938e-08},{""m"":4,""n"":-6,""value"":1.6109728283951807e-08},{""m"":4,""n"":-5,""value"":-1.922263467720711e-07},{""m"":4,""n"":-4,""value"":-1.7992525534098155e-06},{""m"":4,""n"":-3,""value"":3.1392950891077973e-06},{""m"":4,""n"":-2,""value"":2.6276456014058268e-05},{""m"":4,""n"":-1,""value"":0.0003787455413963187},{""m"":4,""n"":0,""value"":0.002663744005906838},{""m"":4,""n"":1,""value"":0.004616521713629961},{""m"":4,""n"":2,""value"":0.0009914397057790216},{""m"":4,""n"":3,""value"":-3.799841418179111e-06},{""m"":4,""n"":4,""value"":-1.571585733508477e-05},{""m"":4,""n"":5,""value"":-9.045435359047278e-07},{""m"":4,""n"":6,""value"":8.22644968443328e-08},{""m"":5,""n"":-6,""value"":2.4997776793342706e-08},{""m"":5,""n"":-5,""value"":-8.365282588850366e-08},{""m"":5,""n"":-4,""value"":-6.98050672178144e-07},{""m"":5,""n"":-3,""value"":-4.877390090521103e-07},{""m"":5,""n"":-2,""value"":3.43248319295452e-06},{""m"":5,""n"":-1,""value"":8.056723192131735e-05},{""m"":5,""n"":0,""value"":0.0007089382157392376},{""m"":5,""n"":1,""value"":0.002265837573914161},{""m"":5,""n"":2,""value"":0.0006433059615047292},{""m"":5,""n"":3,""value"":2.5280736464344405e-05},{""m"":5,""n"":4,""value"":-1.2821241543573845e-05},{""m"":5,""n"":5,""value"":-1.0067167902744577e-06},{""m"":5,""n"":6,""value"":8.396179855212355e-08}]}"
2009977,held-out,candidate,0,False,0.004486292000365211,1.1990071250002075,,,,,,,fdc1f0ab85ec9f721cd9eeef278462b37c4974fb918ce4cbd9f3e8092efbd227,1009c5543c190faa8fac0e86bd15cd5038f2754d687359f61fc4937a3c0cf715,1a7c1c75ea349004161725842096d51274559ba63849880d707eee823cc42d67,"ValueError: There was an error in one or more threads during a VMEC++ run:
Thread 0:
	FATAL ERROR in thread=0. The solver failed during the first iterations. This may happen if the initial boundary is poorly shaped or if it isn't spectrally condensed enough.
"
2009977,held-out,baseline,0,False,0.004004582999186823,1.2058581669989508,,,,,,,fdc1f0ab85ec9f721cd9eeef278462b37c4974fb918ce4cbd9f3e8092efbd227,1009c5543c190faa8fac0e86bd15cd5038f2754d687359f61fc4937a3c0cf715,2465dae850eae8a246bb01df229c79b75d4113380c6ef7a9b71a16314e4726b8,"ValueError: There was an error in one or more threads during a VMEC++ run:
Thread 0:
	FATAL ERROR in thread=0. The solver failed during the first iterations. This may happen if the initial boundary is poorly shaped or if it isn't spectrally condensed enough.
Thread 2:
	FATAL ERROR in thread=2. The solver failed during the first iterations. This may happen if the initial boundary is poorly shaped or if it isn't spectrally condensed enough.
Thread 3:
	FATAL ERROR in thread=3. The solver failed during the first iterations. This may happen if the initial boundary is poorly shaped or if it isn't spectrally condensed enough.
Thread 1:
	FATAL ERROR in thread=1. The solver failed during the first iterations. This may happen if the initial boundary is poorly shaped or if it isn't spectrally condensed enough.
"
2049308,held-out,candidate,2,False,0.004225083001074381,1.1949223340016033,,,,,,,6accc6160ba19c6a418856e683f365da2694fca5ca59f598e3938bf4fc4ef94b,dd22d878a87d96583398ae607b33882f5f15586877eeb3b9d553fe9b60f0975c,1a7c1c75ea349004161725842096d51274559ba63849880d707eee823cc42d67,"ValueError: There was an error in one or more threads during a VMEC++ run:
Thread 0:
	FATAL ERROR in thread=0. The solver failed during the first iterations. This may happen if the initial boundary is poorly shaped or if it isn't spectrally condensed enough.
"
2049308,held-out,baseline,2,False,0.004980042000170215,1.2647541250007635,,,,,,,6accc6160ba19c6a418856e683f365da2694fca5ca59f598e3938bf4fc4ef94b,dd22d878a87d96583398ae607b33882f5f15586877eeb3b9d553fe9b60f0975c,2465dae850eae8a246bb01df229c79b75d4113380c6ef7a9b71a16314e4726b8,"ValueError: There was an error in one or more threads during a VMEC++ run:
Thread 3:
	FATAL ERROR in thread=3. The solver failed during the first iterations. This may happen if the initial boundary is poorly shaped or if it isn't spectrally condensed enough.
Thread 0:
	FATAL ERROR in thread=0. The solver failed during the first iterations. This may happen if the initial boundary is poorly shaped or if it isn't spectrally condensed enough.
Thread 2:
	FATAL ERROR in thread=2. The solver failed during the first iterations. This may happen if the initial boundary is poorly shaped or if it isn't spectrally condensed enough.
Thread 1:
	FATAL ERROR in thread=1. The solver failed during the first iterations. This may happen if the initial boundary is poorly shaped or if it isn't spectrally condensed enough.
"
1661665,held-out,baseline,0,False,0.004173625000476022,1.2016449579987238,,,,,,,c5f17b3325336f93805128f9b2d0b448e0655bb27a38f78a165887745ceb2ddf,c1446c4ed6a0cb3a523a38d6b27534c289908b7e7aaa9a33daebf43651a75b43,2465dae850eae8a246bb01df229c79b75d4113380c6ef7a9b71a16314e4726b8,"ValueError: There was an error in one or more threads during a VMEC++ run:
Thread 3:
	FATAL ERROR in thread=3. The solver failed during the first iterations. This may happen if the initial boundary is poorly shaped or if it isn't spectrally condensed enough.
Thread 0:
	FATAL ERROR in thread=0. The solver failed during the first iterations. This may happen if the initial boundary is poorly shaped or if it isn't spectrally condensed enough.
Thread 1:
	FATAL ERROR in thread=1. The solver failed during the first iterations. This may happen if the initial boundary is poorly shaped or if it isn't spectrally condensed enough.
Thread 2:
	FATAL ERROR in thread=2. The solver failed during the first iterations. This may happen if the initial boundary is poorly shaped or if it isn't spectrally condensed enough.
"
1661665,held-out,candidate,0,True,1.9099888750006357,3.409358749999228,2811,31,9.996639977717122e-10,3.417828346782361e-10,1.7356465160427353e-10,0.0037250389136355144,c5f17b3325336f93805128f9b2d0b448e0655bb27a38f78a165887745ceb2ddf,c1446c4ed6a0cb3a523a38d6b27534c289908b7e7aaa9a33daebf43651a75b43,1a7c1c75ea349004161725842096d51274559ba63849880d707eee823cc42d67,
1661665,held-out,baseline,1,False,0.004208624999591848,1.1901819169997907,,,,,,,c5f17b3325336f93805128f9b2d0b448e0655bb27a38f78a165887745ceb2ddf,c1446c4ed6a0cb3a523a38d6b27534c289908b7e7aaa9a33daebf43651a75b43,2465dae850eae8a246bb01df229c79b75d4113380c6ef7a9b71a16314e4726b8,"ValueError: There was an error in one or more threads during a VMEC++ run:
Thread 3:
	FATAL ERROR in thread=3. The solver failed during the first iterations. This may happen if the initial boundary is poorly shaped or if it isn't spectrally condensed enough.
Thread 2:
	FATAL ERROR in thread=2. The solver failed during the first iterations. This may happen if the initial boundary is poorly shaped or if it isn't spectrally condensed enough.
Thread 0:
	FATAL ERROR in thread=0. The solver failed during the first iterations. This may happen if the initial boundary is poorly shaped or if it isn't spectrally condensed enough.
Thread 1:
	FATAL ERROR in thread=1. The solver failed during the first iterations. This may happen if the initial boundary is poorly shaped or if it isn't spectrally condensed enough.
"
1661665,held-out,candidate,1,True,1.8485463340002752,3.260812458000146,2811,31,9.99664002000274e-10,3.417828274579421e-10,1.7356465259817237e-10,0.003725038911898575,c5f17b3325336f93805128f9b2d0b448e0655bb27a38f78a165887745ceb2ddf,c1446c4ed6a0cb3a523a38d6b27534c289908b7e7aaa9a33daebf43651a75b43,1a7c1c75ea349004161725842096d51274559ba63849880d707eee823cc42d67,
136030,held-out,baseline,0,False,0.0038264169998001307,1.1972594590006338,,,,,,,e967f7be1eab62c1afbabfdaa94ef422918886d824549669baa4a6e4142bc93c,e07c366a4fbf164b1b062fea399a8b798b1a3aae43077c40148ca8f6532790b6,2465dae850eae8a246bb01df229c79b75d4113380c6ef7a9b71a16314e4726b8,"ValueError: There was an error in one or more threads during a VMEC++ run:
Thread 3:
	FATAL ERROR in thread=3. The solver failed during the first iterations. This may happen if the initial boundary is poorly shaped or if it isn't spectrally condensed enough.
Thread 0:
	FATAL ERROR in thread=0. The solver failed during the first iterations. This may happen if the initial boundary is poorly shaped or if it isn't spectrally condensed enough.
Thread 2:
	FATAL ERROR in thread=2. The solver failed during the first iterations. This may happen if the initial boundary is poorly shaped or if it isn't spectrally condensed enough.
Thread 1:
	FATAL ERROR in thread=1. The solver failed during the first iterations. This may happen if the initial boundary is poorly shaped or if it isn't spectrally condensed enough.
"
136030,held-out,candidate,0,False,0.004160917000262998,1.1662230000001728,,,,,,,e967f7be1eab62c1afbabfdaa94ef422918886d824549669baa4a6e4142bc93c,e07c366a4fbf164b1b062fea399a8b798b1a3aae43077c40148ca8f6532790b6,1a7c1c75ea349004161725842096d51274559ba63849880d707eee823cc42d67,"ValueError: There was an error in one or more threads during a VMEC++ run:
Thread 0:
	FATAL ERROR in thread=0. The solver failed during the first iterations. This may happen if the initial boundary is poorly shaped or if it isn't spectrally condensed enough.
"
1978818,held-out,baseline,0,False,0.003830083000138984,1.1983915410000918,,,,,,,b5e00838ecc476d5cb8abb4128c106470df27db8cafbd2279e88e99e59a21e04,7ac61fd2c317d980a562478a2d41439fdd0ceefc82f1ac7993c3d05618f56de0,2465dae850eae8a246bb01df229c79b75d4113380c6ef7a9b71a16314e4726b8,"ValueError: There was an error in one or more threads during a VMEC++ run:
Thread 1:
	FATAL ERROR in thread=1. The solver failed during the first iterations. This may happen if the initial boundary is poorly shaped or if it isn't spectrally condensed enough.
Thread 3:
	FATAL ERROR in thread=3. The solver failed during the first iterations. This may happen if the initial boundary is poorly shaped or if it isn't spectrally condensed enough.
Thread 2:
	FATAL ERROR in thread=2. The solver failed during the first iterations. This may happen if the initial boundary is poorly shaped or if it isn't spectrally condensed enough.
Thread 0:
	FATAL ERROR in thread=0. The solver failed during the first iterations. This may happen if the initial boundary is poorly shaped or if it isn't spectrally condensed enough.
"
1978818,held-out,candidate,0,False,0.004259749999619089,1.1400195420010277,,,,,,,b5e00838ecc476d5cb8abb4128c106470df27db8cafbd2279e88e99e59a21e04,7ac61fd2c317d980a562478a2d41439fdd0ceefc82f1ac7993c3d05618f56de0,1a7c1c75ea349004161725842096d51274559ba63849880d707eee823cc42d67,"ValueError: There was an error in one or more threads during a VMEC++ run:
Thread 0:
	FATAL ERROR in thread=0. The solver failed during the first iterations. This may happen if the initial boundary is poorly shaped or if it isn't spectrally condensed enough.
"
205887,held-out,candidate,0,False,0.00428079199991771,1.1992210000007617,,,,,,,2c5aa222520561e783d427f34c9e545f38341dfc636482bbbd733daa8b153f86,1c9fa231c750aa5ad0ff51ad5c6706bbe27e1900aa7f367b82395ea3e3129301,1a7c1c75ea349004161725842096d51274559ba63849880d707eee823cc42d67,"ValueError: There was an error in one or more threads during a VMEC++ run:
Thread 0:
	FATAL ERROR in thread=0. The solver failed during the first iterations. This may happen if the initial boundary is poorly shaped or if it isn't spectrally condensed enough.
"
205887,held-out,baseline,0,False,0.00430929100002686,1.161973542000851,,,,,,,2c5aa222520561e783d427f34c9e545f38341dfc636482bbbd733daa8b153f86,1c9fa231c750aa5ad0ff51ad5c6706bbe27e1900aa7f367b82395ea3e3129301,2465dae850eae8a246bb01df229c79b75d4113380c6ef7a9b71a16314e4726b8,"ValueError: There was an error in one or more threads during a VMEC++ run:
Thread 2:
	FATAL ERROR in thread=2. The solver failed during the first iterations. This may happen if the initial boundary is poorly shaped or if it isn't spectrally condensed enough.
Thread 3:
	FATAL ERROR in thread=3. The solver failed during the first iterations. This may happen if the initial boundary is poorly shaped or if it isn't spectrally condensed enough.
Thread 0:
	FATAL ERROR in thread=0. The solver failed during the first iterations. This may happen if the initial boundary is poorly shaped or if it isn't spectrally condensed enough.
Thread 1:
	FATAL ERROR in thread=1. The solver failed during the first iterations. This may happen if the initial boundary is poorly shaped or if it isn't spectrally condensed enough.
"
1044881,held-out,candidate,1,True,0.8617128749992844,2.281205459001285,1292,31,9.996673241864661e-10,5.691638784690875e-10,2.3933281517649823e-10,0.002307768605189405,06a4cd22ce879935e6f7f4ee47a2998f6afa8859a9e393c4b55f4a17e5df1bfb,22a52c23c6222afdd2021aae29843fe0a36343a89d00c3b1a8e54b5c5c1b4e1e,1a7c1c75ea349004161725842096d51274559ba63849880d707eee823cc42d67,
1044881,held-out,baseline,1,False,0.004163540999797988,1.2088501660000475,,,,,,,06a4cd22ce879935e6f7f4ee47a2998f6afa8859a9e393c4b55f4a17e5df1bfb,22a52c23c6222afdd2021aae29843fe0a36343a89d00c3b1a8e54b5c5c1b4e1e,2465dae850eae8a246bb01df229c79b75d4113380c6ef7a9b71a16314e4726b8,"ValueError: There was an error in one or more threads during a VMEC++ run:
Thread 3:
	FATAL ERROR in thread=3. The solver failed during the first iterations. This may happen if the initial boundary is poorly shaped or if it isn't spectrally condensed enough.
Thread 1:
	FATAL ERROR in thread=1. The solver failed during the first iterations. This may happen if the initial boundary is poorly shaped or if it isn't spectrally condensed enough.
Thread 2:
	FATAL ERROR in thread=2. The solver failed during the first iterations. This may happen if the initial boundary is poorly shaped or if it isn't spectrally condensed enough.
Thread 0:
	FATAL ERROR in thread=0. The solver failed during the first iterations. This may happen if the initial boundary is poorly shaped or if it isn't spectrally condensed enough.
"
1088047,held-out,baseline,0,False,0.004085500000655884,1.16508900000008,,,,,,,da422faaae4618d872ce9ee35de31d1c69a8a4f108193abd44b829ad1bbcf9fa,1fc6d2d9cc83832884f7454eebf381315c9bb8430efa290ded4e03e7cf227205,2465dae850eae8a246bb01df229c79b75d4113380c6ef7a9b71a16314e4726b8,"ValueError: There was an error in one or more threads during a VMEC++ run:
Thread 3:
	FATAL ERROR in thread=3. The solver failed during the first iterations. This may happen if the initial boundary is poorly shaped or if it isn't spectrally condensed enough.
Thread 2:
	FATAL ERROR in thread=2. The solver failed during the first iterations. This may happen if the initial boundary is poorly shaped or if it isn't spectrally condensed enough.
Thread 1:
	FATAL ERROR in thread=1. The solver failed during the first iterations. This may happen if the initial boundary is poorly shaped or if it isn't spectrally condensed enough.
Thread 0:
	FATAL ERROR in thread=0. The solver failed during the first iterations. This may happen if the initial boundary is poorly shaped or if it isn't spectrally condensed enough.
"
1088047,held-out,candidate,0,False,0.004834125000343192,1.1554191659997741,,,,,,,da422faaae4618d872ce9ee35de31d1c69a8a4f108193abd44b829ad1bbcf9fa,1fc6d2d9cc83832884f7454eebf381315c9bb8430efa290ded4e03e7cf227205,1a7c1c75ea349004161725842096d51274559ba63849880d707eee823cc42d67,"ValueError: There was an error in one or more threads during a VMEC++ run:
Thread 0:
	FATAL ERROR in thread=0. The solver failed during the first iterations. This may happen if the initial boundary is poorly shaped or if it isn't spectrally condensed enough.
"
1088372,discovery,baseline,2,False,0.004078250000020489,1.1509173340000416,,,,,,,564d5daa66c3ad994c126d01824727fc8a80f7f1d339cfd884b3b52a7b688127,4f5d25771f2fec5b31fb97545f6fbfac773d986a06245d1e6b5afc0afe3adc24,2465dae850eae8a246bb01df229c79b75d4113380c6ef7a9b71a16314e4726b8,"ValueError: There was an error in one or more threads during a VMEC++ run:
Thread 3:
	FATAL ERROR in thread=3. The solver failed during the first iterations. This may happen if the initial boundary is poorly shaped or if it isn't spectrally condensed enough.
Thread 1:
	FATAL ERROR in thread=1. The solver failed during the first iterations. This may happen if the initial boundary is poorly shaped or if it isn't spectrally condensed enough.
Thread 0:
	FATAL ERROR in thread=0. The solver failed during the first iterations. This may happen if the initial boundary is poorly shaped or if it isn't spectrally condensed enough.
Thread 2:
	FATAL ERROR in thread=2. The solver failed during the first iterations. This may happen if the initial boundary is poorly shaped or if it isn't spectrally condensed enough.
"
1088372,discovery,candidate,2,False,0.00450375000036729,1.1555860829994344,,,,,,,564d5daa66c3ad994c126d01824727fc8a80f7f1d339cfd884b3b52a7b688127,4f5d25771f2fec5b31fb97545f6fbfac773d986a06245d1e6b5afc0afe3adc24,1a7c1c75ea349004161725842096d51274559ba63849880d707eee823cc42d67,"ValueError: There was an error in one or more threads during a VMEC++ run:
Thread 0:
	FATAL ERROR in thread=0. The solver failed during the first iterations. This may happen if the initial boundary is poorly shaped or if it isn't spectrally condensed enough.
"
2460189,held-out,baseline,1,False,0.00447804199939128,1.2082373749999533,,,,,,,9a6b3a31177155f1ad148774e03203609ea1305a97070ba9e503cfdb675e16fd,5b6275a98297e0e88a45c27e47aa99fafe505ccda106670fe0f14681d55cbf9e,2465dae850eae8a246bb01df229c79b75d4113380c6ef7a9b71a16314e4726b8,"ValueError: There was an error in one or more threads during a VMEC++ run:
Thread 1:
	FATAL ERROR in thread=1. The solver failed during the first iterations. This may happen if the initial boundary is poorly shaped or if it isn't spectrally condensed enough.
Thread 3:
	FATAL ERROR in thread=3. The solver failed during the first iterations. This may happen if the initial boundary is poorly shaped or if it isn't spectrally condensed enough.
Thread 2:
	FATAL ERROR in thread=2. The solver failed during the first iterations. This may happen if the initial boundary is poorly shaped or if it isn't spectrally condensed enough.
Thread 0:
	FATAL ERROR in thread=0. The solver failed during the first iterations. This may happen if the initial boundary is poorly shaped or if it isn't spectrally condensed enough.
"
2460189,held-out,candidate,1,True,2.1367535420013155,3.639730332999534,3204,31,9.98918964955749e-10,5.72771993028148e-10,4.940006185324346e-10,0.005198114614284875,9a6b3a31177155f1ad148774e03203609ea1305a97070ba9e503cfdb675e16fd,5b6275a98297e0e88a45c27e47aa99fafe505ccda106670fe0f14681d55cbf9e,1a7c1c75ea349004161725842096d51274559ba63849880d707eee823cc42d67,
919739,held-out,baseline,0,False,0.004990749999706168,1.2069412079999893,,,,,,,f15c64ad21410aa6a758145c442ec2568130e80ed4f8fd2f24477dee2ee5b5ef,73688fa6f76d32b36501034a5f606352766664a523a0242ccb20fe7e09134670,2465dae850eae8a246bb01df229c79b75d4113380c6ef7a9b71a16314e4726b8,"ValueError: There was an error in one or more threads during a VMEC++ run:
Thread 3:
	FATAL ERROR in thread=3. The solver failed during the first iterations. This may happen if the initial boundary is poorly shaped or if it isn't spectrally condensed enough.
Thread 2:
	FATAL ERROR in thread=2. The solver failed during the first iterations. This may happen if the initial boundary is poorly shaped or if it isn't spectrally condensed enough.
Thread 0:
	FATAL ERROR in thread=0. The solver failed during the first iterations. This may happen if the initial boundary is poorly shaped or if it isn't spectrally condensed enough.
Thread 1:
	FATAL ERROR in thread=1. The solver failed during the first iterations. This may happen if the initial boundary is poorly shaped or if it isn't spectrally condensed enough.
"
919739,held-out,candidate,0,False,0.004480750001675915,1.1662327499998355,,,,,,,f15c64ad21410aa6a758145c442ec2568130e80ed4f8fd2f24477dee2ee5b5ef,73688fa6f76d32b36501034a5f606352766664a523a0242ccb20fe7e09134670,1a7c1c75ea349004161725842096d51274559ba63849880d707eee823cc42d67,"ValueError: There was an error in one or more threads during a VMEC++ run:
Thread 0:
	FATAL ERROR in thread=0. The solver failed during the first iterations. This may happen if the initial boundary is poorly shaped or if it isn't spectrally condensed enough.
"
2524377,discovery,candidate,0,False,0.004580708000503364,1.1995152500003314,,,,,,,34be1ae233736a33019e2133798732dd9bf372df74e5de5d7aec581b991122b2,b1278230347437eb2b6faef1b99cf26d043fbfa0d3cecf55d30fd41638fd9a50,1a7c1c75ea349004161725842096d51274559ba63849880d707eee823cc42d67,"ValueError: There was an error in one or more threads during a VMEC++ run:
Thread 0:
	FATAL ERROR in thread=0. The solver failed during the first iterations. This may happen if the initial boundary is poorly shaped or if it isn't spectrally condensed enough.
"
2524377,discovery,baseline,0,False,0.004155958999035647,1.1925460000002204,,,,,,,34be1ae233736a33019e2133798732dd9bf372df74e5de5d7aec581b991122b2,b1278230347437eb2b6faef1b99cf26d043fbfa0d3cecf55d30fd41638fd9a50,2465dae850eae8a246bb01df229c79b75d4113380c6ef7a9b71a16314e4726b8,"ValueError: There was an error in one or more threads during a VMEC++ run:
Thread 0:
	FATAL ERROR in thread=0. The solver failed during the first iterations. This may happen if the initial boundary is poorly shaped or if it isn't spectrally condensed enough.
Thread 1:
	FATAL ERROR in thread=1. The solver failed during the first iterations. This may happen if the initial boundary is poorly shaped or if it isn't spectrally condensed enough.
Thread 3:
	FATAL ERROR in thread=3. The solver failed during the first iterations. This may happen if the initial boundary is poorly shaped or if it isn't spectrally condensed enough.
Thread 2:
	FATAL ERROR in thread=2. The solver failed during the first iterations. This may happen if the initial boundary is poorly shaped or if it isn't spectrally condensed enough.
"
2010788,held-out,candidate,1,False,0.004389499999888358,1.1948926660006691,,,,,,,aba4cdc6d3b6889c953eba28e8404a493cb6648862f20ca1e8d64be205b804f1,d4b0b1e7d369562e1f6095d2669509b47993c99b22c7fae88a93b06dbca6b8db,1a7c1c75ea349004161725842096d51274559ba63849880d707eee823cc42d67,"ValueError: There was an error in one or more threads during a VMEC++ run:
Thread 0:
	FATAL ERROR in thread=0. The solver failed during the first iterations. This may happen if the initial boundary is poorly shaped or if it isn't spectrally condensed enough.
"
2010788,held-out,baseline,1,False,0.003979584000262548,1.2111935829998401,,,,,,,aba4cdc6d3b6889c953eba28e8404a493cb6648862f20ca1e8d64be205b804f1,d4b0b1e7d369562e1f6095d2669509b47993c99b22c7fae88a93b06dbca6b8db,2465dae850eae8a246bb01df229c79b75d4113380c6ef7a9b71a16314e4726b8,"ValueError: There was an error in one or more threads during a VMEC++ run:
Thread 2:
	FATAL ERROR in thread=2. The solver failed during the first iterations. This may happen if the initial boundary is poorly shaped or if it isn't spectrally condensed enough.
Thread 0:
	FATAL ERROR in thread=0. The solver failed during the first iterations. This may happen if the initial boundary is poorly shaped or if it isn't spectrally condensed enough.
Thread 1:
	FATAL ERROR in thread=1. The solver failed during the first iterations. This may happen if the initial boundary is poorly shaped or if it isn't spectrally condensed enough.
Thread 3:
	FATAL ERROR in thread=3. The solver failed during the first iterations. This may happen if the initial boundary is poorly shaped or if it isn't spectrally condensed enough.
"
2039780,held-out,baseline,1,False,0.004164250000030734,1.2161156670008495,,,,,,,b390d4cfa334d51c112a6a73bef0c166d5d037c1899bf49202299c08f4cc98ac,69353447858c4bdc39e075f0180ce5269113a7f6d352748447a23dae26287d2d,2465dae850eae8a246bb01df229c79b75d4113380c6ef7a9b71a16314e4726b8,"ValueError: There was an error in one or more threads during a VMEC++ run:
Thread 3:
	FATAL ERROR in thread=3. The solver failed during the first iterations. This may happen if the initial boundary is poorly shaped or if it isn't spectrally condensed enough.
Thread 1:
	FATAL ERROR in thread=1. The solver failed during the first iterations. This may happen if the initial boundary is poorly shaped or if it isn't spectrally condensed enough.
Thread 2:
	FATAL ERROR in thread=2. The solver failed during the first iterations. This may happen if the initial boundary is poorly shaped or if it isn't spectrally condensed enough.
Thread 0:
	FATAL ERROR in thread=0. The solver failed during the first iterations. This may happen if the initial boundary is poorly shaped or if it isn't spectrally condensed enough.
"
2039780,held-out,candidate,1,False,0.004389458001242019,1.2071784170002502,,,,,,,b390d4cfa334d51c112a6a73bef0c166d5d037c1899bf49202299c08f4cc98ac,69353447858c4bdc39e075f0180ce5269113a7f6d352748447a23dae26287d2d,1a7c1c75ea349004161725842096d51274559ba63849880d707eee823cc42d67,"ValueError: There was an error in one or more threads during a VMEC++ run:
Thread 0:
	FATAL ERROR in thread=0. The solver failed during the first iterations. This may happen if the initial boundary is poorly shaped or if it isn't spectrally condensed enough.
"
2042445,held-out,candidate,0,False,0.004507166999246692,1.2055932500006747,,,,,,,aa9a4303e03cf2d4280ffe34904bcf1611ba32533a2c4d392e2dca747832ff59,171db2816f6f66a9c85fbba85014010786a2c1f235ad0aa4c1b01e2d8e2c3664,1a7c1c75ea349004161725842096d51274559ba63849880d707eee823cc42d67,"ValueError: There was an error in one or more threads during a VMEC++ run:
Thread 0:
	FATAL ERROR in thread=0. The solver failed during the first iterations. This may happen if the initial boundary is poorly shaped or if it isn't spectrally condensed enough.
"
2042445,held-out,baseline,0,False,0.0039448750012525124,1.1943687080001837,,,,,,,aa9a4303e03cf2d4280ffe34904bcf1611ba32533a2c4d392e2dca747832ff59,171db2816f6f66a9c85fbba85014010786a2c1f235ad0aa4c1b01e2d8e2c3664,2465dae850eae8a246bb01df229c79b75d4113380c6ef7a9b71a16314e4726b8,"ValueError: There was an error in one or more threads during a VMEC++ run:
Thread 1:
	FATAL ERROR in thread=1. The solver failed during the first iterations. This may happen if the initial boundary is poorly shaped or if it isn't spectrally condensed enough.
Thread 3:
	FATAL ERROR in thread=3. The solver failed during the first iterations. This may happen if the initial boundary is poorly shaped or if it isn't spectrally condensed enough.
Thread 0:
	FATAL ERROR in thread=0. The solver failed during the first iterations. This may happen if the initial boundary is poorly shaped or if it isn't spectrally condensed enough.
Thread 2:
	FATAL ERROR in thread=2. The solver failed during the first iterations. This may happen if the initial boundary is poorly shaped or if it isn't spectrally condensed enough.
"
25455,held-out,baseline,2,False,0.004501249999520951,1.256868750000649,,,,,,,4b4d216c5b3c42c2746023d7f57531c15647647ebb5f1dc55755b156af2c7e9f,82db5b5bcbafcec48909f328c7a9bee5482205da3f538931a0b45e38c5a6234b,2465dae850eae8a246bb01df229c79b75d4113380c6ef7a9b71a16314e4726b8,"ValueError: There was an error in one or more threads during a VMEC++ run:
Thread 3:
	FATAL ERROR in thread=3. The solver failed during the first iterations. This may happen if the initial boundary is poorly shaped or if it isn't spectrally condensed enough.
Thread 0:
	FATAL ERROR in thread=0. The solver failed during the first iterations. This may happen if the initial boundary is poorly shaped or if it isn't spectrally condensed enough.
Thread 2:
	FATAL ERROR in thread=2. The solver failed during the first iterations. This may happen if the initial boundary is poorly shaped or if it isn't spectrally condensed enough.
Thread 1:
	FATAL ERROR in thread=1. The solver failed during the first iterations. This may happen if the initial boundary is poorly shaped or if it isn't spectrally condensed enough.
"
25455,held-out,candidate,2,True,1.0445322499999747,2.5416801250012213,1661,31,9.455472290873063e-10,4.437937764270142e-10,1.676012961789646e-10,0.00239075847102736,4b4d216c5b3c42c2746023d7f57531c15647647ebb5f1dc55755b156af2c7e9f,82db5b5bcbafcec48909f328c7a9bee5482205da3f538931a0b45e38c5a6234b,1a7c1c75ea349004161725842096d51274559ba63849880d707eee823cc42d67,
780110,held-out,candidate,1,False,0.004584583999530878,1.2028306669999438,,,,,,,c11c73fc03cc913ce85aaac4a85d9bf187c6215bb13b7201c6e4b0552fd0e665,9d7d30f4afd28b3500e70fc59d1675ef98c146ce400f81d1368a4cbd979b7062,1a7c1c75ea349004161725842096d51274559ba63849880d707eee823cc42d67,"ValueError: There was an error in one or more threads during a VMEC++ run:
Thread 0:
	FATAL ERROR in thread=0. The solver failed during the first iterations. This may happen if the initial boundary is poorly shaped or if it isn't spectrally condensed enough.
"
780110,held-out,baseline,1,False,0.003992750000179512,1.1904821659991285,,,,,,,c11c73fc03cc913ce85aaac4a85d9bf187c6215bb13b7201c6e4b0552fd0e665,9d7d30f4afd28b3500e70fc59d1675ef98c146ce400f81d1368a4cbd979b7062,2465dae850eae8a246bb01df229c79b75d4113380c6ef7a9b71a16314e4726b8,"ValueError: There was an error in one or more threads during a VMEC++ run:
Thread 0:
	FATAL ERROR in thread=0. The solver failed during the first iterations. This may happen if the initial boundary is poorly shaped or if it isn't spectrally condensed enough.
Thread 1:
	FATAL ERROR in thread=1. The solver failed during the first iterations. This may happen if the initial boundary is poorly shaped or if it isn't spectrally condensed enough.
Thread 2:
	FATAL ERROR in thread=2. The solver failed during the first iterations. This may happen if the initial boundary is poorly shaped or if it isn't spectrally condensed enough.
Thread 3:
	FATAL ERROR in thread=3. The solver failed during the first iterations. This may happen if the initial boundary is poorly shaped or if it isn't spectrally condensed enough.
"
1335043,held-out,baseline,1,False,0.004161791999649722,1.2037929580001219,,,,,,,fb8a784b207ab7f06e352d20737be11eabad7a690e56a91208965094946d83d9,c8a92020ec1c1653667eac7ef46c9d3c6ec90d5866a3ac1338c1292d0a4a19f3,2465dae850eae8a246bb01df229c79b75d4113380c6ef7a9b71a16314e4726b8,"ValueError: There was an error in one or more threads during a VMEC++ run:
Thread 2:
	FATAL ERROR in thread=2. The solver failed during the first iterations. This may happen if the initial boundary is poorly shaped or if it isn't spectrally condensed enough.
Thread 3:
	FATAL ERROR in thread=3. The solver failed during the first iterations. This may happen if the initial boundary is poorly shaped or if it isn't spectrally condensed enough.
Thread 0:
	FATAL ERROR in thread=0. The solver failed during the first iterations. This may happen if the initial boundary is poorly shaped or if it isn't spectrally condensed enough.
Thread 1:
	FATAL ERROR in thread=1. The solver failed during the first iterations. This may happen if the initial boundary is poorly shaped or if it isn't spectrally condensed enough.
"
1335043,held-out,candidate,1,False,0.004686708000008366,1.2119550839997828,,,,,,,fb8a784b207ab7f06e352d20737be11eabad7a690e56a91208965094946d83d9,c8a92020ec1c1653667eac7ef46c9d3c6ec90d5866a3ac1338c1292d0a4a19f3,1a7c1c75ea349004161725842096d51274559ba63849880d707eee823cc42d67,"ValueError: There was an error in one or more threads during a VMEC++ run:
Thread 0:
	FATAL ERROR in thread=0. The solver failed during the first iterations. This may happen if the initial boundary is poorly shaped or if it isn't spectrally condensed enough.
"
635763,held-out,candidate,0,True,2.002611124999021,3.5115213749995746,3035,31,9.99018875798768e-10,8.660968407332427e-10,2.7181179550750092e-11,0.0012005233121048873,5a66ed16d06ba7408b163402c2fe82ba1f4be82a983d7d215de44f033d17f498,9b7ef80f80ef5d38682e3de936ba1b991f2508372a5b24f3931a33cbc382fa88,1a7c1c75ea349004161725842096d51274559ba63849880d707eee823cc42d67,
635763,held-out,baseline,0,False,0.0049322499999107094,1.210400292000486,,,,,,,5a66ed16d06ba7408b163402c2fe82ba1f4be82a983d7d215de44f033d17f498,9b7ef80f80ef5d38682e3de936ba1b991f2508372a5b24f3931a33cbc382fa88,2465dae850eae8a246bb01df229c79b75d4113380c6ef7a9b71a16314e4726b8,"ValueError: There was an error in one or more threads during a VMEC++ run:
Thread 1:
	FATAL ERROR in thread=1. The solver failed during the first iterations. This may happen if the initial boundary is poorly shaped or if it isn't spectrally condensed enough.
Thread 2:
	FATAL ERROR in thread=2. The solver failed during the first iterations. This may happen if the initial boundary is poorly shaped or if it isn't spectrally condensed enough.
Thread 0:
	FATAL ERROR in thread=0. The solver failed during the first iterations. This may happen if the initial boundary is poorly shaped or if it isn't spectrally condensed enough.
Thread 3:
	FATAL ERROR in thread=3. The solver failed during the first iterations. This may happen if the initial boundary is poorly shaped or if it isn't spectrally condensed enough.
"
929630,held-out,baseline,2,False,0.0041784170007304056,1.2083909579996543,,,,,,,3bbe472ebddef2c2332263c755818d24cc6d0f84af2680fc8c892e87dd53fb09,ce9e70a278cff6b6eb32ed3821158a813ca5f47d713a7752515aee7109a37481,2465dae850eae8a246bb01df229c79b75d4113380c6ef7a9b71a16314e4726b8,"ValueError: There was an error in one or more threads during a VMEC++ run:
Thread 1:
	FATAL ERROR in thread=1. The solver failed during the first iterations. This may happen if the initial boundary is poorly shaped or if it isn't spectrally condensed enough.
Thread 3:
	FATAL ERROR in thread=3. The solver failed during the first iterations. This may happen if the initial boundary is poorly shaped or if it isn't spectrally condensed enough.
Thread 0:
	FATAL ERROR in thread=0. The solver failed during the first iterations. This may happen if the initial boundary is poorly shaped or if it isn't spectrally condensed enough.
Thread 2:
	FATAL ERROR in thread=2. The solver failed during the first iterations. This may happen if the initial boundary is poorly shaped or if it isn't spectrally condensed enough.
"
929630,held-out,candidate,2,False,0.004634832999727223,1.215162667000186,,,,,,,3bbe472ebddef2c2332263c755818d24cc6d0f84af2680fc8c892e87dd53fb09,ce9e70a278cff6b6eb32ed3821158a813ca5f47d713a7752515aee7109a37481,1a7c1c75ea349004161725842096d51274559ba63849880d707eee823cc42d67,"ValueError: There was an error in one or more threads during a VMEC++ run:
Thread 0:
	FATAL ERROR in thread=0. The solver failed during the first iterations. This may happen if the initial boundary is poorly shaped or if it isn't spectrally condensed enough.
"
2012413,held-out,baseline,0,False,0.004124915998545475,1.1982964580001862,,,,,,,82982e21df417b9ac7a63fc206625a9ef46915c57d7e7c9d9ff8cc0f7572dd56,d5aa02f77ee9aaac8bfd8f7f79e537708b387d9b89e5b000815222c33d709f1f,2465dae850eae8a246bb01df229c79b75d4113380c6ef7a9b71a16314e4726b8,"ValueError: There was an error in one or more threads during a VMEC++ run:
Thread 2:
	FATAL ERROR in thread=2. The solver failed during the first iterations. This may happen if the initial boundary is poorly shaped or if it isn't spectrally condensed enough.
Thread 3:
	FATAL ERROR in thread=3. The solver failed during the first iterations. This may happen if the initial boundary is poorly shaped or if it isn't spectrally condensed enough.
Thread 1:
	FATAL ERROR in thread=1. The solver failed during the first iterations. This may happen if the initial boundary is poorly shaped or if it isn't spectrally condensed enough.
Thread 0:
	FATAL ERROR in thread=0. The solver failed during the first iterations. This may happen if the initial boundary is poorly shaped or if it isn't spectrally condensed enough.
"
2012413,held-out,candidate,0,True,1.4829955410004914,2.975659125000675,2239,31,9.760524736356234e-10,6.302144917700067e-10,1.878053534046679e-10,0.006084771724017685,82982e21df417b9ac7a63fc206625a9ef46915c57d7e7c9d9ff8cc0f7572dd56,d5aa02f77ee9aaac8bfd8f7f79e537708b387d9b89e5b000815222c33d709f1f,1a7c1c75ea349004161725842096d51274559ba63849880d707eee823cc42d67,
1849970,held-out,candidate,1,False,0.004613834000338102,1.20656045800024,,,,,,,e5ac20a4a61ce8cdd594c2f5460c36bc1d9520966d465db0d3b20f85681bc212,027d8b6150b6730de5b088b1157efd2f0e1e316382d5d5972af3359dabd45bfd,1a7c1c75ea349004161725842096d51274559ba63849880d707eee823cc42d67,"ValueError: There was an error in one or more threads during a VMEC++ run:
Thread 0:
	FATAL ERROR in thread=0. The solver failed during the first iterations. This may happen if the initial boundary is poorly shaped or if it isn't spectrally condensed enough.
"
1849970,held-out,baseline,1,False,0.004236292001223774,1.1937004999999772,,,,,,,e5ac20a4a61ce8cdd594c2f5460c36bc1d9520966d465db0d3b20f85681bc212,027d8b6150b6730de5b088b1157efd2f0e1e316382d5d5972af3359dabd45bfd,2465dae850eae8a246bb01df229c79b75d4113380c6ef7a9b71a16314e4726b8,"ValueError: There was an error in one or more threads during a VMEC++ run:
Thread 3:
	FATAL ERROR in thread=3. The solver failed during the first iterations. This may happen if the initial boundary is poorly shaped or if it isn't spectrally condensed enough.
Thread 1:
	FATAL ERROR in thread=1. The solver failed during the first iterations. This may happen if the initial boundary is poorly shaped or if it isn't spectrally condensed enough.
Thread 2:
	FATAL ERROR in thread=2. The solver failed during the first iterations. This may happen if the initial boundary is poorly shaped or if it isn't spectrally condensed enough.
Thread 0:
	FATAL ERROR in thread=0. The solver failed during the first iterations. This may happen if the initial boundary is poorly shaped or if it isn't spectrally condensed enough.
"
635763,held-out,baseline,2,False,0.005432333000499057,1.210373542000525,,,,,,,5a66ed16d06ba7408b163402c2fe82ba1f4be82a983d7d215de44f033d17f498,9b7ef80f80ef5d38682e3de936ba1b991f2508372a5b24f3931a33cbc382fa88,2465dae850eae8a246bb01df229c79b75d4113380c6ef7a9b71a16314e4726b8,"ValueError: There was an error in one or more threads during a VMEC++ run:
Thread 3:
	FATAL ERROR in thread=3. The solver failed during the first iterations. This may happen if the initial boundary is poorly shaped or if it isn't spectrally condensed enough.
Thread 2:
	FATAL ERROR in thread=2. The solver failed during the first iterations. This may happen if the initial boundary is poorly shaped or if it isn't spectrally condensed enough.
Thread 0:
	FATAL ERROR in thread=0. The solver failed during the first iterations. This may happen if the initial boundary is poorly shaped or if it isn't spectrally condensed enough.
Thread 1:
	FATAL ERROR in thread=1. The solver failed during the first iterations. This may happen if the initial boundary is poorly shaped or if it isn't spectrally condensed enough.
"
635763,held-out,candidate,2,True,1.9749045420012408,3.458511916000134,3035,31,9.990186549822055e-10,8.660967509906887e-10,2.718117980119504e-11,0.0012005233140979681,5a66ed16d06ba7408b163402c2fe82ba1f4be82a983d7d215de44f033d17f498,9b7ef80f80ef5d38682e3de936ba1b991f2508372a5b24f3931a33cbc382fa88,1a7c1c75ea349004161725842096d51274559ba63849880d707eee823cc42d67,
654082,held-out,candidate,2,False,0.004589457999827573,1.2127850410015526,,,,,,,b581576db85bec99188db86ff9d8ce578ac90bfb1a2b729521d59c4d27136459,24f34c763d6823ded536273ba0f9e09a02a2cd7e1d35f3aa293816ad8a81678a,1a7c1c75ea349004161725842096d51274559ba63849880d707eee823cc42d67,"ValueError: There was an error in one or more threads during a VMEC++ run:
Thread 0:
	FATAL ERROR in thread=0. The solver failed during the first iterations. This may happen if the initial boundary is poorly shaped or if it isn't spectrally condensed enough.
"
654082,held-out,baseline,2,False,0.004575749999276013,1.205609959000867,,,,,,,b581576db85bec99188db86ff9d8ce578ac90bfb1a2b729521d59c4d27136459,24f34c763d6823ded536273ba0f9e09a02a2cd7e1d35f3aa293816ad8a81678a,2465dae850eae8a246bb01df229c79b75d4113380c6ef7a9b71a16314e4726b8,"ValueError: There was an error in one or more threads during a VMEC++ run:
Thread 3:
	FATAL ERROR in thread=3. The solver failed during the first iterations. This may happen if the initial boundary is poorly shaped or if it isn't spectrally condensed enough.
Thread 1:
	FATAL ERROR in thread=1. The solver failed during the first iterations. This may happen if the initial boundary is poorly shaped or if it isn't spectrally condensed enough.
Thread 2:
	FATAL ERROR in thread=2. The solver failed during the first iterations. This may happen if the initial boundary is poorly shaped or if it isn't spectrally condensed enough.
Thread 0:
	FATAL ERROR in thread=0. The solver failed during the first iterations. This may happen if the initial boundary is poorly shaped or if it isn't spectrally condensed enough.
"
831841,discovery,baseline,1,False,0.004155708998951013,1.2074093329993048,,,,,,,593f61622cb37c803e1d5fc4c16e734c2eb145be5600832c98d1c0484b82a336,4a9c5987579f591d673366baf687a25ee4e1c02be852a36430fb30fcff0c0d62,2465dae850eae8a246bb01df229c79b75d4113380c6ef7a9b71a16314e4726b8,"ValueError: There was an error in one or more threads during a VMEC++ run:
Thread 2:
	FATAL ERROR in thread=2. The solver failed during the first iterations. This may happen if the initial boundary is poorly shaped or if it isn't spectrally condensed enough.
Thread 3:
	FATAL ERROR in thread=3. The solver failed during the first iterations. This may happen if the initial boundary is poorly shaped or if it isn't spectrally condensed enough.
Thread 0:
	FATAL ERROR in thread=0. The solver failed during the first iterations. This may happen if the initial boundary is poorly shaped or if it isn't spectrally condensed enough.
Thread 1:
	FATAL ERROR in thread=1. The solver failed during the first iterations. This may happen if the initial boundary is poorly shaped or if it isn't spectrally condensed enough.
"
831841,discovery,candidate,1,False,0.004792333000295912,1.1968709169996146,,,,,,,593f61622cb37c803e1d5fc4c16e734c2eb145be5600832c98d1c0484b82a336,4a9c5987579f591d673366baf687a25ee4e1c02be852a36430fb30fcff0c0d62,1a7c1c75ea349004161725842096d51274559ba63849880d707eee823cc42d67,"ValueError: There was an error in one or more threads during a VMEC++ run:
Thread 0:
	FATAL ERROR in thread=0. The solver failed during the first iterations. This may happen if the initial boundary is poorly shaped or if it isn't spectrally condensed enough.
"
780110,held-out,candidate,0,False,0.004702958000052604,1.213638125000216,,,,,,,c11c73fc03cc913ce85aaac4a85d9bf187c6215bb13b7201c6e4b0552fd0e665,9d7d30f4afd28b3500e70fc59d1675ef98c146ce400f81d1368a4cbd979b7062,1a7c1c75ea349004161725842096d51274559ba63849880d707eee823cc42d67,"ValueError: There was an error in one or more threads during a VMEC++ run:
Thread 0:
	FATAL ERROR in thread=0. The solver failed during the first iterations. This may happen if the initial boundary is poorly shaped or if it isn't spectrally condensed enough.
"
780110,held-out,baseline,0,False,0.004915875000733649,1.25919554200118,,,,,,,c11c73fc03cc913ce85aaac4a85d9bf187c6215bb13b7201c6e4b0552fd0e665,9d7d30f4afd28b3500e70fc59d1675ef98c146ce400f81d1368a4cbd979b7062,2465dae850eae8a246bb01df229c79b75d4113380c6ef7a9b71a16314e4726b8,"ValueError: There was an error in one or more threads during a VMEC++ run:
Thread 3:
	FATAL ERROR in thread=3. The solver failed during the first iterations. This may happen if the initial boundary is poorly shaped or if it isn't spectrally condensed enough.
Thread 0:
	FATAL ERROR in thread=0. The solver failed during the first iterations. This may happen if the initial boundary is poorly shaped or if it isn't spectrally condensed enough.
Thread 1:
	FATAL ERROR in thread=1. The solver failed during the first iterations. This may happen if the initial boundary is poorly shaped or if it isn't spectrally condensed enough.
Thread 2:
	FATAL ERROR in thread=2. The solver failed during the first iterations. This may happen if the initial boundary is poorly shaped or if it isn't spectrally condensed enough.
"
1849970,held-out,baseline,0,False,0.0062081659998511896,1.3063383339995198,,,,,,,e5ac20a4a61ce8cdd594c2f5460c36bc1d9520966d465db0d3b20f85681bc212,027d8b6150b6730de5b088b1157efd2f0e1e316382d5d5972af3359dabd45bfd,2465dae850eae8a246bb01df229c79b75d4113380c6ef7a9b71a16314e4726b8,"ValueError: There was an error in one or more threads during a VMEC++ run:
Thread 2:
	FATAL ERROR in thread=2. The solver failed during the first iterations. This may happen if the initial boundary is poorly shaped or if it isn't spectrally condensed enough.
Thread 1:
	FATAL ERROR in thread=1. The solver failed during the first iterations. This may happen if the initial boundary is poorly shaped or if it isn't spectrally condensed enough.
Thread 0:
	FATAL ERROR in thread=0. The solver failed during the first iterations. This may happen if the initial boundary is poorly shaped or if it isn't spectrally condensed enough.
Thread 3:
	FATAL ERROR in thread=3. The solver failed during the first iterations. This may happen if the initial boundary is poorly shaped or if it isn't spectrally condensed enough.
"
1849970,held-out,candidate,0,False,0.004400290999910794,1.1970392090006499,,,,,,,e5ac20a4a61ce8cdd594c2f5460c36bc1d9520966d465db0d3b20f85681bc212,027d8b6150b6730de5b088b1157efd2f0e1e316382d5d5972af3359dabd45bfd,1a7c1c75ea349004161725842096d51274559ba63849880d707eee823cc42d67,"ValueError: There was an error in one or more threads during a VMEC++ run:
Thread 0:
	FATAL ERROR in thread=0. The solver failed during the first iterations. This may happen if the initial boundary is poorly shaped or if it isn't spectrally condensed enough.
"
2017994,discovery,baseline,1,False,0.004231875000186847,1.1926562500011642,,,,,,,d34cf4ddc80f1599c6b8fc6a13cd1f82bb6f773adf8c53372fa2e18a29edf72f,26d30577c11370a92c8289a148805462dd2f4f9ab7f59e0dc1f8dcba7d7321af,2465dae850eae8a246bb01df229c79b75d4113380c6ef7a9b71a16314e4726b8,"ValueError: There was an error in one or more threads during a VMEC++ run:
Thread 1:
	FATAL ERROR in thread=1. The solver failed during the first iterations. This may happen if the initial boundary is poorly shaped or if it isn't spectrally condensed enough.
Thread 3:
	FATAL ERROR in thread=3. The solver failed during the first iterations. This may happen if the initial boundary is poorly shaped or if it isn't spectrally condensed enough.
Thread 0:
	FATAL ERROR in thread=0. The solver failed during the first iterations. This may happen if the initial boundary is poorly shaped or if it isn't spectrally condensed enough.
Thread 2:
	FATAL ERROR in thread=2. The solver failed during the first iterations. This may happen if the initial boundary is poorly shaped or if it isn't spectrally condensed enough.
"
2017994,discovery,candidate,1,False,0.0044097910013078945,1.2055982500005484,,,,,,,d34cf4ddc80f1599c6b8fc6a13cd1f82bb6f773adf8c53372fa2e18a29edf72f,26d30577c11370a92c8289a148805462dd2f4f9ab7f59e0dc1f8dcba7d7321af,1a7c1c75ea349004161725842096d51274559ba63849880d707eee823cc42d67,"ValueError: There was an error in one or more threads during a VMEC++ run:
Thread 0:
	FATAL ERROR in thread=0. The solver failed during the first iterations. This may happen if the initial boundary is poorly shaped or if it isn't spectrally condensed enough.
"
69266,held-out,baseline,0,False,0.005762249998952029,1.211381375000201,,,,,,,9b4e08c0653c28e8a91cc2f85390c7ac813449a4702ca4c7e01dd35c3208e755,0de96a02dc10dcc4d42e3545e0f27b93fd00b55f4611e28899614f965c769161,2465dae850eae8a246bb01df229c79b75d4113380c6ef7a9b71a16314e4726b8,"ValueError: There was an error in one or more threads during a VMEC++ run:
Thread 0:
	FATAL ERROR in thread=0. The solver failed during the first iterations. This may happen if the initial boundary is poorly shaped or if it isn't spectrally condensed enough.
Thread 3:
	FATAL ERROR in thread=3. The solver failed during the first iterations. This may happen if the initial boundary is poorly shaped or if it isn't spectrally condensed enough.
Thread 2:
	FATAL ERROR in thread=2. The solver failed during the first iterations. This may happen if the initial boundary is poorly shaped or if it isn't spectrally condensed enough.
Thread 1:
	FATAL ERROR in thread=1. The solver failed during the first iterations. This may happen if the initial boundary is poorly shaped or if it isn't spectrally condensed enough.
"
69266,held-out,candidate,0,False,0.004684333000113838,1.2049195420004253,,,,,,,9b4e08c0653c28e8a91cc2f85390c7ac813449a4702ca4c7e01dd35c3208e755,0de96a02dc10dcc4d42e3545e0f27b93fd00b55f4611e28899614f965c769161,1a7c1c75ea349004161725842096d51274559ba63849880d707eee823cc42d67,"ValueError: There was an error in one or more threads during a VMEC++ run:
Thread 0:
	FATAL ERROR in thread=0. The solver failed during the first iterations. This may happen if the initial boundary is poorly shaped or if it isn't spectrally condensed enough.
"
2048152,held-out,candidate,2,False,0.005487791000632569,1.200120125000467,,,,,,,90ecaac396406a4eba907f89ff8451642c9f73a68a0c033958e543b0b3f5ba65,44654241662039e0490a405408d45a9125a25b848f0833d48c093d02a5db9571,1a7c1c75ea349004161725842096d51274559ba63849880d707eee823cc42d67,"ValueError: There was an error in one or more threads during a VMEC++ run:
Thread 0:
	FATAL ERROR in thread=0. The solver failed during the first iterations. This may happen if the initial boundary is poorly shaped or if it isn't spectrally condensed enough.
"
2048152,held-out,baseline,2,False,0.00484041699928639,1.2038859580006829,,,,,,,90ecaac396406a4eba907f89ff8451642c9f73a68a0c033958e543b0b3f5ba65,44654241662039e0490a405408d45a9125a25b848f0833d48c093d02a5db9571,2465dae850eae8a246bb01df229c79b75d4113380c6ef7a9b71a16314e4726b8,"ValueError: There was an error in one or more threads during a VMEC++ run:
Thread 2:
	FATAL ERROR in thread=2. The solver failed during the first iterations. This may happen if the initial boundary is poorly shaped or if it isn't spectrally condensed enough.
Thread 1:
	FATAL ERROR in thread=1. The solver failed during the first iterations. This may happen if the initial boundary is poorly shaped or if it isn't spectrally condensed enough.
Thread 3:
	FATAL ERROR in thread=3. The solver failed during the first iterations. This may happen if the initial boundary is poorly shaped or if it isn't spectrally condensed enough.
Thread 0:
	FATAL ERROR in thread=0. The solver failed during the first iterations. This may happen if the initial boundary is poorly shaped or if it isn't spectrally condensed enough.
"
261318,held-out,candidate,1,False,0.0847235000001092,1.3052033750009286,,,,,,,204d3e9dc4779cbb58943d049cc4c8d8a18f8d65a8a0db09c338819bb80ef417,5e6711f07977bbdc2918ef17c814f035b5bea85a1d1d8d86f35ac728b1f914e0,1a7c1c75ea349004161725842096d51274559ba63849880d707eee823cc42d67,"ValueError: FATAL ERROR in SolveEquilibrium: JACOBIAN_75_TIMES_BAD The jacobian factor of the geometry repeatedly became negative, indicating that flux surfaces become self-intersecting. This can mean that your prescribed boundary is too shaped for VMEC to resolve
VmecINDATA had these contents:
{""ac"":[1.0,-1.0],""ac_aux_f"":[],""ac_aux_s"":[],""ai"":[],""ai_aux_f"":[],""ai_aux_s"":[],""am"":[1.0,-1.0],""am_aux_f"":[],""am_aux_s"":[],""aphi"":[1.0],""bloat"":1.0,""curtor"":0.0,""delt"":1.0,""extcur"":[1086307.6184879432],""free_boundary_method"":""nestor"",""ftol_array"":[1e-09,1e-09,1e-09],""gamma"":0.0,""iteration_style"":""vmec_8_52"",""lasym"":false,""lforbal"":false,""lfreeb"":true,""mgrid_file"":""NONE"",""mpol"":6,""mpol_geometry"":-1,""ncurr"":1,""nfp"":5,""niter_array"":[4000,4000,4000],""ns_array"":[8,16,31],""nstep"":200,""ntheta"":0,""ntor"":6,""ntor_geometry"":-1,""nvacskip"":6,""nzeta"":24,""pcurr_type"":""power_series"",""phiedge"":0.0030466199844685973,""piota_type"":""power_series"",""pmass_type"":""power_series"",""pres_scale"":0.0,""raxis_c"":[1.0395738887488812,0.0,0.0,0.0,0.0,0.0,0.0],""rbc"":[{""m"":0,""n"":0,""value"":1.0395738887488812},{""m"":0,""n"":1,""value"":-4.0039332540405545e-05},{""m"":0,""n"":2,""value"":-0.00014217393864255696},{""m"":0,""n"":3,""value"":3.244262405360775e-05},{""m"":0,""n"":4,""value"":3.0582392753898017e-06},{""m"":0,""n"":5,""value"":-6.196682299088666e-07},{""m"":0,""n"":6,""value"":1.7987772246772314e-07},{""m"":1,""n"":-6,""value"":1.6030090547276263e-07},{""m"":1,""n"":-5,""value"":-7.940046622585927e-07},{""m"":1,""n"":-4,""value"":7.397895050714161e-07},{""m"":1,""n"":-3,""value"":6.326473898966279e-06},{""m"":1,""n"":-2,""value"":-2.9009182047938288e-05},{""m"":1,""n"":-1,""value"":-0.0010220881057253937},{""m"":1,""n"":0,""value"":-0.0651250027243753},{""m"":1,""n"":1,""value"":0.0018236003273593784},{""m"":1,""n"":2,""value"":1.118376250884129e-05},{""m"":1,""n"":3,""value"":6.469933473159408e-06},{""m"":1,""n"":4,""value"":2.836906677311735e-06},{""m"":1,""n"":5,""value"":-6.678880788689679e-07},{""m"":1,""n"":6,""value"":1.8769171152324012e-07},{""m"":2,""n"":-6,""value"":1.725079027773593e-07},{""m"":2,""n"":-5,""value"":-5.96389774275673e-07},{""m"":2,""n"":-4,""value"":1.724679948562773e-06},{""m"":2,""n"":-3,""value"":2.6477792772757185e-06},{""m"":2,""n"":-2,""value"":-2.5163225383198998e-05},{""m"":2,""n"":-1,""value"":-0.0002819291395607653},{""m"":2,""n"":0,""value"":-0.029355879407324672},{""m"":2,""n"":1,""value"":0.001315162937086481},{""m"":2,""n"":2,""value"":-7.200284367389872e-05},{""m"":2,""n"":3,""value"":-1.9950441622566475e-05},{""m"":2,""n"":4,""value"":1.1754051461193914e-06},{""m"":2,""n"":5,""value"":-9.693329114448757e-07},{""m"":2,""n"":6,""value"":1.7630994397989316e-07},{""m"":3,""n"":-6,""value"":1.8113001550716776e-07},{""m"":3,""n"":-5,""value"":-4.874932242789137e-07},{""m"":3,""n"":-4,""value"":1.851214887811599e-06},{""m"":3,""n"":-3,""value"":8.017227552364164e-07},{""m"":3,""n"":-2,""value"":1.2097336511939634e-05},{""m"":3,""n"":-1,""value"":0.00018438724412359053},{""m"":3,""n"":0,""value"":-0.01480011150850581},{""m"":3,""n"":1,""value"":0.0029767537261563377},{""m"":3,""n"":2,""value"":1.0152418637168924e-05},{""m"":3,""n"":3,""value"":-1.3778065356943188e-05},{""m"":3,""n"":4,""value"":1.7906754267068984e-06},{""m"":3,""n"":5,""value"":-9.5849940109462e-07},{""m"":3,""n"":6,""value"":2.0267901631945037e-07},{""m"":4,""n"":-6,""value"":1.8657521750704028e-07},{""m"":4,""n"":-5,""value"":-4.4242144355778973e-07},{""m"":4,""n"":-4,""value"":1.5299394359200162e-06},{""m"":4,""n"":-3,""value"":-2.224254369944499e-06},{""m"":4,""n"":-2,""value"":3.159193615499291e-05},{""m"":4,""n"":-1,""value"":0.00037140476985190486},{""m"":4,""n"":0,""value"":-0.008926822871757216},{""m"":4,""n"":1,""value"":0.0038717144193383705},{""m"":4,""n"":2,""value"":1.9242584265354735e-05},{""m"":4,""n"":3,""value"":-8.463638949726033e-06},{""m"":4,""n"":4,""value"":1.6741431226488928e-06},{""m"":4,""n"":5,""value"":-9.517169607387428e-07},{""m"":4,""n"":6,""value"":2.2500153752723815e-07},{""m"":5,""n"":-6,""value"":1.9369987347844983e-07},{""m"":5,""n"":-5,""value"":-4.205501286538368e-07},{""m"":5,""n"":-4,""value"":1.2059898924960485e-06},{""m"":5,""n"":-3,""value"":-2.8973552899443747e-06},{""m"":5,""n"":-2,""value"":4.437725378651205e-05},{""m"":5,""n"":-1,""value"":0.00032791647860212954},{""m"":5,""n"":0,""value"":-0.005573314864993626},{""m"":5,""n"":1,""value"":0.004261637872586904},{""m"":5,""n"":2,""value"":2.0503519937986264e-06},{""m"":5,""n"":3,""value"":-2.597632103056167e-06},{""m"":5,""n"":4,""value"":1.1838242042213707e-06},{""m"":5,""n"":5,""value"":-9.53774947677498e-07},{""m"":5,""n"":6,""value"":2.3738039623509887e-07}],""return_outputs_even_if_not_converged"":false,""spres_ped"":1.0,""tcon0"":1.0,""zaxis_s"":[0.0,0.0,0.0,0.0,0.0,0.0,0.0],""zbs"":[{""m"":0,""n"":1,""value"":-0.00039661268154314106},{""m"":0,""n"":2,""value"":-1.0067941421630585e-05},{""m"":0,""n"":3,""value"":1.94271333575781e-05},{""m"":0,""n"":4,""value"":-2.650118378332132e-06},{""m"":0,""n"":5,""value"":-9.253792509269511e-08},{""m"":0,""n"":6,""value"":-4.931695818518354e-08},{""m"":1,""n"":-6,""value"":5.3838398458250704e-08},{""m"":1,""n"":-5,""value"":1.4930829319073973e-07},{""m"":1,""n"":-4,""value"":5.3860945106727785e-06},{""m"":1,""n"":-3,""value"":1.0140876741736861e-05},{""m"":1,""n"":-2,""value"":2.7680226497445425e-05},{""m"":1,""n"":-1,""value"":0.0013734033460517535},{""m"":1,""n"":0,""value"":0.09845683651084963},{""m"":1,""n"":1,""value"":0.001227345792723065},{""m"":1,""n"":2,""value"":7.756986408843385e-05},{""m"":1,""n"":3,""value"":1.9293926475878054e-05},{""m"":1,""n"":4,""value"":2.609644417636925e-06},{""m"":1,""n"":5,""value"":3.1810277897449747e-07},{""m"":1,""n"":6,""value"":-1.9654016760850164e-08},{""m"":2,""n"":-6,""value"":4.08379304191971e-08},{""m"":2,""n"":-5,""value"":-6.918152640579843e-08},{""m"":2,""n"":-4,""value"":3.1290875045135703e-06},{""m"":2,""n"":-3,""value"":2.2127776360867595e-06},{""m"":2,""n"":-2,""value"":-1.2508060825352968e-05},{""m"":2,""n"":-1,""value"":-0.00019076948240059763},{""m"":2,""n"":0,""value"":0.03912354259890745},{""m"":2,""n"":1,""value"":0.0009427039710446823},{""m"":2,""n"":2,""value"":-1.897408625877202e-05},{""m"":2,""n"":3,""value"":-1.7858819161107823e-05},{""m"":2,""n"":4,""value"":-3.920740755581825e-07},{""m"":2,""n"":5,""value"":1.5577454221494304e-07},{""m"":2,""n"":6,""value"":-3.809220412020173e-08},{""m"":3,""n"":-6,""value"":4.4017280687439585e-08},{""m"":3,""n"":-5,""value"":-1.1702400373054497e-07},{""m"":3,""n"":-4,""value"":2.204190711192622e-06},{""m"":3,""n"":-3,""value"":2.1869929521799863e-06},{""m"":3,""n"":-2,""value"":4.861668666256378e-06},{""m"":3,""n"":-1,""value"":-0.0002140021540018359},{""m"":3,""n"":0,""value"":0.025709281911553014},{""m"":3,""n"":1,""value"":0.0027816860240843008},{""m"":3,""n"":2,""value"":4.6662084280093316e-05},{""m"":3,""n"":3,""value"":-1.4471286033277295e-05},{""m"":3,""n"":4,""value"":-3.2071886581549186e-07},{""m"":3,""n"":5,""value"":2.705822305620779e-07},{""m"":3,""n"":6,""value"":-2.8760525033443107e-08},{""m"":4,""n"":-6,""value"":4.4533099772705046e-08},{""m"":4,""n"":-5,""value"":-1.614098685387561e-07},{""m"":4,""n"":-4,""value"":1.299543921000953e-06},{""m"":4,""n"":-3,""value"":8.786499821834722e-07},{""m"":4,""n"":-2,""value"":-6.413453524063538e-06},{""m"":4,""n"":-1,""value"":-0.00030630007548075236},{""m"":4,""n"":0,""value"":0.014190496278859922},{""m"":4,""n"":1,""value"":0.003910407625104488},{""m"":4,""n"":2,""value"":5.3814384813020665e-05},{""m"":4,""n"":3,""value"":-1.0379369488323448e-05},{""m"":4,""n"":4,""value"":-1.585456713222024e-07},{""m"":4,""n"":5,""value"":4.320016126634189e-07},{""m"":4,""n"":6,""value"":-1.079205681133724e-08},{""m"":5,""n"":-6,""value"":4.3841947175721686e-08},{""m"":5,""n"":-5,""value"":-1.8856924544356023e-07},{""m"":5,""n"":-4,""value"":6.448396130238052e-07},{""m"":5,""n"":-3,""value"":-4.842161464421006e-07},{""m"":5,""n"":-2,""value"":-1.5221808827934466e-05},{""m"":5,""n"":-1,""value"":-0.00023768460951796612},{""m"":5,""n"":0,""value"":0.007036181286129429},{""m"":5,""n"":1,""value"":0.004481177276533465},{""m"":5,""n"":2,""value"":3.893227422756762e-05},{""m"":5,""n"":3,""value"":-6.5977889244653445e-06},{""m"":5,""n"":4,""value"":-2.527960882429178e-07},{""m"":5,""n"":5,""value"":5.189656117803662e-07},{""m"":5,""n"":6,""value"":-2.4497994109008717e-09}]}"
261318,held-out,baseline,1,False,0.005109708999953,1.2161816250008997,,,,,,,204d3e9dc4779cbb58943d049cc4c8d8a18f8d65a8a0db09c338819bb80ef417,5e6711f07977bbdc2918ef17c814f035b5bea85a1d1d8d86f35ac728b1f914e0,2465dae850eae8a246bb01df229c79b75d4113380c6ef7a9b71a16314e4726b8,"ValueError: There was an error in one or more threads during a VMEC++ run:
Thread 0:
	FATAL ERROR in thread=0. The solver failed during the first iterations. This may happen if the initial boundary is poorly shaped or if it isn't spectrally condensed enough.
Thread 1:
	FATAL ERROR in thread=1. The solver failed during the first iterations. This may happen if the initial boundary is poorly shaped or if it isn't spectrally condensed enough.
Thread 3:
	FATAL ERROR in thread=3. The solver failed during the first iterations. This may happen if the initial boundary is poorly shaped or if it isn't spectrally condensed enough.
Thread 2:
	FATAL ERROR in thread=2. The solver failed during the first iterations. This may happen if the initial boundary is poorly shaped or if it isn't spectrally condensed enough.
"
1046673,held-out,candidate,0,False,0.005211625000811182,1.2058905840003717,,,,,,,81a42038d8507a301e6a07ec54301e79167356a1a25bc5042c6329384167d183,252409ba0e94aff385fb0576c5a53e0eccc710836abb56c0166011e7d47e611c,1a7c1c75ea349004161725842096d51274559ba63849880d707eee823cc42d67,"ValueError: There was an error in one or more threads during a VMEC++ run:
Thread 0:
	FATAL ERROR in thread=0. The solver failed during the first iterations. This may happen if the initial boundary is poorly shaped or if it isn't spectrally condensed enough.
"
1046673,held-out,baseline,0,False,0.004176999998890096,1.2066056659987225,,,,,,,81a42038d8507a301e6a07ec54301e79167356a1a25bc5042c6329384167d183,252409ba0e94aff385fb0576c5a53e0eccc710836abb56c0166011e7d47e611c,2465dae850eae8a246bb01df229c79b75d4113380c6ef7a9b71a16314e4726b8,"ValueError: There was an error in one or more threads during a VMEC++ run:
Thread 3:
	FATAL ERROR in thread=3. The solver failed during the first iterations. This may happen if the initial boundary is poorly shaped or if it isn't spectrally condensed enough.
Thread 0:
	FATAL ERROR in thread=0. The solver failed during the first iterations. This may happen if the initial boundary is poorly shaped or if it isn't spectrally condensed enough.
Thread 2:
	FATAL ERROR in thread=2. The solver failed during the first iterations. This may happen if the initial boundary is poorly shaped or if it isn't spectrally condensed enough.
Thread 1:
	FATAL ERROR in thread=1. The solver failed during the first iterations. This may happen if the initial boundary is poorly shaped or if it isn't spectrally condensed enough.
"
654082,held-out,candidate,1,False,0.006119499999840627,1.209273166999992,,,,,,,b581576db85bec99188db86ff9d8ce578ac90bfb1a2b729521d59c4d27136459,24f34c763d6823ded536273ba0f9e09a02a2cd7e1d35f3aa293816ad8a81678a,1a7c1c75ea349004161725842096d51274559ba63849880d707eee823cc42d67,"ValueError: There was an error in one or more threads during a VMEC++ run:
Thread 0:
	FATAL ERROR in thread=0. The solver failed during the first iterations. This may happen if the initial boundary is poorly shaped or if it isn't spectrally condensed enough.
"
654082,held-out,baseline,1,False,0.004172083999947063,1.2038498330002767,,,,,,,b581576db85bec99188db86ff9d8ce578ac90bfb1a2b729521d59c4d27136459,24f34c763d6823ded536273ba0f9e09a02a2cd7e1d35f3aa293816ad8a81678a,2465dae850eae8a246bb01df229c79b75d4113380c6ef7a9b71a16314e4726b8,"ValueError: There was an error in one or more threads during a VMEC++ run:
Thread 1:
	FATAL ERROR in thread=1. The solver failed during the first iterations. This may happen if the initial boundary is poorly shaped or if it isn't spectrally condensed enough.
Thread 0:
	FATAL ERROR in thread=0. The solver failed during the first iterations. This may happen if the initial boundary is poorly shaped or if it isn't spectrally condensed enough.
Thread 3:
	FATAL ERROR in thread=3. The solver failed during the first iterations. This may happen if the initial boundary is poorly shaped or if it isn't spectrally condensed enough.
Thread 2:
	FATAL ERROR in thread=2. The solver failed during the first iterations. This may happen if the initial boundary is poorly shaped or if it isn't spectrally condensed enough.
"
1967022,discovery,baseline,1,False,0.0043788339989987435,1.188390833000085,,,,,,,187adeab0b56de29885f4d69798a8f3f29d7f2913279de64a00d12547e7d1e6d,b3c286bfe38f4d856a34ada3c15560e731eda3f32cce0c9c2ab02f8b2a6a3f5a,2465dae850eae8a246bb01df229c79b75d4113380c6ef7a9b71a16314e4726b8,"ValueError: There was an error in one or more threads during a VMEC++ run:
Thread 1:
	FATAL ERROR in thread=1. The solver failed during the first iterations. This may happen if the initial boundary is poorly shaped or if it isn't spectrally condensed enough.
Thread 2:
	FATAL ERROR in thread=2. The solver failed during the first iterations. This may happen if the initial boundary is poorly shaped or if it isn't spectrally condensed enough.
Thread 0:
	FATAL ERROR in thread=0. The solver failed during the first iterations. This may happen if the initial boundary is poorly shaped or if it isn't spectrally condensed enough.
Thread 3:
	FATAL ERROR in thread=3. The solver failed during the first iterations. This may happen if the initial boundary is poorly shaped or if it isn't spectrally condensed enough.
"
1967022,discovery,candidate,1,False,0.0047300829992309446,1.2713789170011296,,,,,,,187adeab0b56de29885f4d69798a8f3f29d7f2913279de64a00d12547e7d1e6d,b3c286bfe38f4d856a34ada3c15560e731eda3f32cce0c9c2ab02f8b2a6a3f5a,1a7c1c75ea349004161725842096d51274559ba63849880d707eee823cc42d67,"ValueError: There was an error in one or more threads during a VMEC++ run:
Thread 0:
	FATAL ERROR in thread=0. The solver failed during the first iterations. This may happen if the initial boundary is poorly shaped or if it isn't spectrally condensed enough.
"
2012413,held-out,baseline,1,False,0.004119749999517808,1.2007831249993615,,,,,,,82982e21df417b9ac7a63fc206625a9ef46915c57d7e7c9d9ff8cc0f7572dd56,d5aa02f77ee9aaac8bfd8f7f79e537708b387d9b89e5b000815222c33d709f1f,2465dae850eae8a246bb01df229c79b75d4113380c6ef7a9b71a16314e4726b8,"ValueError: There was an error in one or more threads during a VMEC++ run:
Thread 1:
	FATAL ERROR in thread=1. The solver failed during the first iterations. This may happen if the initial boundary is poorly shaped or if it isn't spectrally condensed enough.
Thread 2:
	FATAL ERROR in thread=2. The solver failed during the first iterations. This may happen if the initial boundary is poorly shaped or if it isn't spectrally condensed enough.
Thread 0:
	FATAL ERROR in thread=0. The solver failed during the first iterations. This may happen if the initial boundary is poorly shaped or if it isn't spectrally condensed enough.
Thread 3:
	FATAL ERROR in thread=3. The solver failed during the first iterations. This may happen if the initial boundary is poorly shaped or if it isn't spectrally condensed enough.
"
2012413,held-out,candidate,1,True,1.485070042001098,2.988954584001476,2239,31,9.760525032147081e-10,6.302145066644493e-10,1.8780535371703944e-10,0.006084771724038591,82982e21df417b9ac7a63fc206625a9ef46915c57d7e7c9d9ff8cc0f7572dd56,d5aa02f77ee9aaac8bfd8f7f79e537708b387d9b89e5b000815222c33d709f1f,1a7c1c75ea349004161725842096d51274559ba63849880d707eee823cc42d67,
14802,discovery,candidate,2,True,1.006219124999916,2.553281041999071,1447,31,9.541023917656984e-10,3.802290934519451e-10,6.135779722693483e-11,0.001501990072220125,bf4656e7c552541ad95885809d6e0ac740de39906c20384e9850cb709f8fd0b3,5899de7d4e1ef669d0e6eb98371c060a7f4f66fa6fa49e4e396b77f05d2fcfef,1a7c1c75ea349004161725842096d51274559ba63849880d707eee823cc42d67,
14802,discovery,baseline,2,False,0.005640499999572057,1.2009889590008243,,,,,,,bf4656e7c552541ad95885809d6e0ac740de39906c20384e9850cb709f8fd0b3,5899de7d4e1ef669d0e6eb98371c060a7f4f66fa6fa49e4e396b77f05d2fcfef,2465dae850eae8a246bb01df229c79b75d4113380c6ef7a9b71a16314e4726b8,"ValueError: There was an error in one or more threads during a VMEC++ run:
Thread 3:
	FATAL ERROR in thread=3. The solver failed during the first iterations. This may happen if the initial boundary is poorly shaped or if it isn't spectrally condensed enough.
Thread 1:
	FATAL ERROR in thread=1. The solver failed during the first iterations. This may happen if the initial boundary is poorly shaped or if it isn't spectrally condensed enough.
Thread 2:
	FATAL ERROR in thread=2. The solver failed during the first iterations. This may happen if the initial boundary is poorly shaped or if it isn't spectrally condensed enough.
Thread 0:
	FATAL ERROR in thread=0. The solver failed during the first iterations. This may happen if the initial boundary is poorly shaped or if it isn't spectrally condensed enough.
"
1849177,discovery,baseline,2,False,0.004207250000035856,1.2044059169984394,,,,,,,a86b6a92c49d4fb45b8b3833dfcb50bb4136c7b68b3fd31af3a439f947051fc0,7ff7b0c5bf27b53215c498858b6636e036686badaae1a147cd8e39db37ef695e,2465dae850eae8a246bb01df229c79b75d4113380c6ef7a9b71a16314e4726b8,"ValueError: There was an error in one or more threads during a VMEC++ run:
Thread 3:
	FATAL ERROR in thread=3. The solver failed during the first iterations. This may happen if the initial boundary is poorly shaped or if it isn't spectrally condensed enough.
Thread 2:
	FATAL ERROR in thread=2. The solver failed during the first iterations. This may happen if the initial boundary is poorly shaped or if it isn't spectrally condensed enough.
Thread 0:
	FATAL ERROR in thread=0. The solver failed during the first iterations. This may happen if the initial boundary is poorly shaped or if it isn't spectrally condensed enough.
Thread 1:
	FATAL ERROR in thread=1. The solver failed during the first iterations. This may happen if the initial boundary is poorly shaped or if it isn't spectrally condensed enough.
"
1849177,discovery,candidate,2,False,0.004502499999944121,1.2051336669992452,,,,,,,a86b6a92c49d4fb45b8b3833dfcb50bb4136c7b68b3fd31af3a439f947051fc0,7ff7b0c5bf27b53215c498858b6636e036686badaae1a147cd8e39db37ef695e,1a7c1c75ea349004161725842096d51274559ba63849880d707eee823cc42d67,"ValueError: There was an error in one or more threads during a VMEC++ run:
Thread 0:
	FATAL ERROR in thread=0. The solver failed during the first iterations. This may happen if the initial boundary is poorly shaped or if it isn't spectrally condensed enough.
"
660970,discovery,baseline,0,False,0.005143000000316533,1.2120696660003887,,,,,,,03ce240005f471b2bcfd1a7d521ab82c7ff2db0685f33d8c74d460a9b028d1dc,6a617e8ce256a702b745bdde71d6997e803ac9dfa1138d362ee6c0637ee194a8,2465dae850eae8a246bb01df229c79b75d4113380c6ef7a9b71a16314e4726b8,"ValueError: There was an error in one or more threads during a VMEC++ run:
Thread 1:
	FATAL ERROR in thread=1. The solver failed during the first iterations. This may happen if the initial boundary is poorly shaped or if it isn't spectrally condensed enough.
Thread 0:
	FATAL ERROR in thread=0. The solver failed during the first iterations. This may happen if the initial boundary is poorly shaped or if it isn't spectrally condensed enough.
Thread 3:
	FATAL ERROR in thread=3. The solver failed during the first iterations. This may happen if the initial boundary is poorly shaped or if it isn't spectrally condensed enough.
Thread 2:
	FATAL ERROR in thread=2. The solver failed during the first iterations. This may happen if the initial boundary is poorly shaped or if it isn't spectrally condensed enough.
"
660970,discovery,candidate,0,False,0.006480833000750863,1.203188792000219,,,,,,,03ce240005f471b2bcfd1a7d521ab82c7ff2db0685f33d8c74d460a9b028d1dc,6a617e8ce256a702b745bdde71d6997e803ac9dfa1138d362ee6c0637ee194a8,1a7c1c75ea349004161725842096d51274559ba63849880d707eee823cc42d67,"ValueError: There was an error in one or more threads during a VMEC++ run:
Thread 0:
	FATAL ERROR in thread=0. The solver failed during the first iterations. This may happen if the initial boundary is poorly shaped or if it isn't spectrally condensed enough.
"
14802,discovery,candidate,1,True,0.9467087909997645,2.503652459001387,1447,31,9.541023930170267e-10,3.802290762286211e-10,6.135779716469014e-11,0.0015019900725236211,bf4656e7c552541ad95885809d6e0ac740de39906c20384e9850cb709f8fd0b3,5899de7d4e1ef669d0e6eb98371c060a7f4f66fa6fa49e4e396b77f05d2fcfef,1a7c1c75ea349004161725842096d51274559ba63849880d707eee823cc42d67,
14802,discovery,baseline,1,False,0.00412937500004773,1.2043779169998743,,,,,,,bf4656e7c552541ad95885809d6e0ac740de39906c20384e9850cb709f8fd0b3,5899de7d4e1ef669d0e6eb98371c060a7f4f66fa6fa49e4e396b77f05d2fcfef,2465dae850eae8a246bb01df229c79b75d4113380c6ef7a9b71a16314e4726b8,"ValueError: There was an error in one or more threads during a VMEC++ run:
Thread 1:
	FATAL ERROR in thread=1. The solver failed during the first iterations. This may happen if the initial boundary is poorly shaped or if it isn't spectrally condensed enough.
Thread 0:
	FATAL ERROR in thread=0. The solver failed during the first iterations. This may happen if the initial boundary is poorly shaped or if it isn't spectrally condensed enough.
Thread 2:
	FATAL ERROR in thread=2. The solver failed during the first iterations. This may happen if the initial boundary is poorly shaped or if it isn't spectrally condensed enough.
Thread 3:
	FATAL ERROR in thread=3. The solver failed during the first iterations. This may happen if the initial boundary is poorly shaped or if it isn't spectrally condensed enough.
"
69266,held-out,candidate,2,False,0.004788666999957059,1.2193898339992302,,,,,,,9b4e08c0653c28e8a91cc2f85390c7ac813449a4702ca4c7e01dd35c3208e755,0de96a02dc10dcc4d42e3545e0f27b93fd00b55f4611e28899614f965c769161,1a7c1c75ea349004161725842096d51274559ba63849880d707eee823cc42d67,"ValueError: There was an error in one or more threads during a VMEC++ run:
Thread 0:
	FATAL ERROR in thread=0. The solver failed during the first iterations. This may happen if the initial boundary is poorly shaped or if it isn't spectrally condensed enough.
"
69266,held-out,baseline,2,False,0.0042290419987693895,1.2022981669997534,,,,,,,9b4e08c0653c28e8a91cc2f85390c7ac813449a4702ca4c7e01dd35c3208e755,0de96a02dc10dcc4d42e3545e0f27b93fd00b55f4611e28899614f965c769161,2465dae850eae8a246bb01df229c79b75d4113380c6ef7a9b71a16314e4726b8,"ValueError: There was an error in one or more threads during a VMEC++ run:
Thread 3:
	FATAL ERROR in thread=3. The solver failed during the first iterations. This may happen if the initial boundary is poorly shaped or if it isn't spectrally condensed enough.
Thread 2:
	FATAL ERROR in thread=2. The solver failed during the first iterations. This may happen if the initial boundary is poorly shaped or if it isn't spectrally condensed enough.
Thread 0:
	FATAL ERROR in thread=0. The solver failed during the first iterations. This may happen if the initial boundary is poorly shaped or if it isn't spectrally condensed enough.
Thread 1:
	FATAL ERROR in thread=1. The solver failed during the first iterations. This may happen if the initial boundary is poorly shaped or if it isn't spectrally condensed enough.
"
1861414,held-out,candidate,2,False,2.8658784169983846,4.1236898749994,,,,,,,d10cd53a3bac0f5beabd362395f63c32bd3493493ff207b04536f446aab04c21,e180f00bbe2dfa527017b3bd742c1683d48e9ad91e77bc41a373d379247b4c62,1a7c1c75ea349004161725842096d51274559ba63849880d707eee823cc42d67,"ValueError: FATAL ERROR in SolveEquilibrium: JACOBIAN_75_TIMES_BAD The jacobian factor of the geometry repeatedly became negative, indicating that flux surfaces become self-intersecting. This can mean that your prescribed boundary is too shaped for VMEC to resolve
VmecINDATA had these contents:
{""ac"":[1.0,-1.0],""ac_aux_f"":[],""ac_aux_s"":[],""ai"":[],""ai_aux_f"":[],""ai_aux_s"":[],""am"":[1.0,-1.0],""am_aux_f"":[],""am_aux_s"":[],""aphi"":[1.0],""bloat"":1.0,""curtor"":0.0,""delt"":1.0,""extcur"":[-281259.11907075864],""free_boundary_method"":""nestor"",""ftol_array"":[1e-09,1e-09,1e-09],""gamma"":0.0,""iteration_style"":""vmec_8_52"",""lasym"":false,""lforbal"":false,""lfreeb"":true,""mgrid_file"":""NONE"",""mpol"":6,""mpol_geometry"":-1,""ncurr"":1,""nfp"":5,""niter_array"":[4000,4000,4000],""ns_array"":[8,16,31],""nstep"":200,""ntheta"":0,""ntor"":6,""ntor_geometry"":-1,""nvacskip"":6,""nzeta"":24,""pcurr_type"":""power_series"",""phiedge"":0.0034423709735137862,""piota_type"":""power_series"",""pmass_type"":""power_series"",""pres_scale"":0.0,""raxis_c"":[0.9905602302376832,0.0,0.0,0.0,0.0,0.0,0.0],""rbc"":[{""m"":0,""n"":0,""value"":0.9905602302376832},{""m"":0,""n"":1,""value"":0.1833950768881539},{""m"":0,""n"":2,""value"":0.026123188584208337},{""m"":0,""n"":3,""value"":0.004831399160382497},{""m"":0,""n"":4,""value"":0.0022223824706379966},{""m"":0,""n"":5,""value"":0.0006700286240069475},{""m"":0,""n"":6,""value"":0.00014995289936313148},{""m"":1,""n"":-6,""value"":0.00018933190512455166},{""m"":1,""n"":-5,""value"":0.00010138032566339149},{""m"":1,""n"":-4,""value"":0.00010936687965699337},{""m"":1,""n"":-3,""value"":0.00033369649135863084},{""m"":1,""n"":-2,""value"":-0.004806227597824106},{""m"":1,""n"":-1,""value"":-0.023499846728269446},{""m"":1,""n"":0,""value"":-0.05607405894881812},{""m"":1,""n"":1,""value"":0.013930465396842737},{""m"":1,""n"":2,""value"":0.036614534890068225},{""m"":1,""n"":3,""value"":0.012209204544466164},{""m"":1,""n"":4,""value"":0.002141105804252276},{""m"":1,""n"":5,""value"":0.0009668044367365442},{""m"":1,""n"":6,""value"":0.0001717529945885764},{""m"":2,""n"":-6,""value"":-6.049691298730296e-05},{""m"":2,""n"":-5,""value"":2.7979988308792305e-05},{""m"":2,""n"":-4,""value"":8.881815087107348e-05},{""m"":2,""n"":-3,""value"":-0.0002455947476811568},{""m"":2,""n"":-2,""value"":-0.0010708802094447842},{""m"":2,""n"":-1,""value"":-0.0025752931395714483},{""m"":2,""n"":0,""value"":-0.0027698386402737517},{""m"":2,""n"":1,""value"":0.0019765437373683897},{""m"":2,""n"":2,""value"":0.0057101297994972},{""m"":2,""n"":3,""value"":0.00820996621548706},{""m"":2,""n"":4,""value"":0.0026949627021314484},{""m"":2,""n"":5,""value"":6.560110414843518e-05},{""m"":2,""n"":6,""value"":5.6812062305488084e-05},{""m"":3,""n"":-6,""value"":1.0617975707015424e-05},{""m"":3,""n"":-5,""value"":-5.852603244186551e-06},{""m"":3,""n"":-4,""value"":-4.0399806622731015e-05},{""m"":3,""n"":-3,""value"":-6.768294802717503e-05},{""m"":3,""n"":-2,""value"":-5.129668503170373e-05},{""m"":3,""n"":-1,""value"":-0.0002297239131041437},{""m"":3,""n"":0,""value"":-0.0005093952354704526},{""m"":3,""n"":1,""value"":-0.00018442614337471446},{""m"":3,""n"":2,""value"":0.0011948929067788431},{""m"":3,""n"":3,""value"":0.002190718183494784},{""m"":3,""n"":4,""value"":0.002005091140417055},{""m"":3,""n"":5,""value"":0.0003658599932145513},{""m"":3,""n"":6,""value"":-0.00028485508780817857},{""m"":4,""n"":-6,""value"":-3.6613705318809306e-07},{""m"":4,""n"":-5,""value"":-3.367762359488641e-06},{""m"":4,""n"":-4,""value"":-8.482579936722271e-06},{""m"":4,""n"":-3,""value"":-1.664439081278634e-05},{""m"":4,""n"":-2,""value"":-2.5632343620511597e-05},{""m"":4,""n"":-1,""value"":-3.1209594051385935e-05},{""m"":4,""n"":0,""value"":-4.5378550290918205e-05},{""m"":4,""n"":1,""value"":-0.0001571482038862135},{""m"":4,""n"":2,""value"":0.00014545494950302522},{""m"":4,""n"":3,""value"":0.0006790813796448302},{""m"":4,""n"":4,""value"":0.0007937284777664199},{""m"":4,""n"":5,""value"":0.00047155716968287685},{""m"":4,""n"":6,""value"":-6.489967375331403e-05},{""m"":5,""n"":-6,""value"":1.257837888598188e-06},{""m"":5,""n"":-5,""value"":-5.785093819824005e-08},{""m"":5,""n"":-4,""value"":-1.8446863915071197e-06},{""m"":5,""n"":-3,""value"":-2.564480570974202e-06},{""m"":5,""n"":-2,""value"":-2.98196307848201e-07},{""m"":5,""n"":-1,""value"":9.062459501004841e-07},{""m"":5,""n"":0,""value"":-1.405442797848297e-05},{""m"":5,""n"":1,""value"":5.357683101012888e-05},{""m"":5,""n"":2,""value"":-1.0534603735660048e-05},{""m"":5,""n"":3,""value"":-2.514518926027591e-05},{""m"":5,""n"":4,""value"":0.00025807626363388554},{""m"":5,""n"":5,""value"":0.0002596678621432496},{""m"":5,""n"":6,""value"":8.303416595581154e-05}],""return_outputs_even_if_not_converged"":false,""spres_ped"":1.0,""tcon0"":1.0,""zaxis_s"":[0.0,0.0,0.0,0.0,0.0,0.0,0.0],""zbs"":[{""m"":0,""n"":1,""value"":0.1598032808576835},{""m"":0,""n"":2,""value"":0.029406622909661197},{""m"":0,""n"":3,""value"":0.003107329431583537},{""m"":0,""n"":4,""value"":0.0002537425569723827},{""m"":0,""n"":5,""value"":0.0003440565045841323},{""m"":0,""n"":6,""value"":0.00027428196042902453},{""m"":1,""n"":-6,""value"":-0.00015251869035967094},{""m"":1,""n"":-5,""value"":-0.00012959713812976125},{""m"":1,""n"":-4,""value"":-5.172194718310975e-05},{""m"":1,""n"":-3,""value"":0.00019966779034744333},{""m"":1,""n"":-2,""value"":0.0065261540858322625},{""m"":1,""n"":-1,""value"":0.014413124426317437},{""m"":1,""n"":0,""value"":0.055577559509963646},{""m"":1,""n"":1,""value"":0.011384174205225398},{""m"":1,""n"":2,""value"":0.03332085565016221},{""m"":1,""n"":3,""value"":0.010056093009096746},{""m"":1,""n"":4,""value"":0.002091643243526217},{""m"":1,""n"":5,""value"":0.0005454597086806645},{""m"":1,""n"":6,""value"":3.40323778529932e-05},{""m"":2,""n"":-6,""value"":2.8816277272759602e-05},{""m"":2,""n"":-5,""value"":-1.7782627139926264e-05},{""m"":2,""n"":-4,""value"":-8.67167690657443e-05},{""m"":2,""n"":-3,""value"":-0.00018499972730193532},{""m"":2,""n"":-2,""value"":-0.000177869682027128},{""m"":2,""n"":-1,""value"":0.0006201241550191673},{""m"":2,""n"":0,""value"":-0.000646657995472499},{""m"":2,""n"":1,""value"":0.00360377056908812},{""m"":2,""n"":2,""value"":0.004700673249458045},{""m"":2,""n"":3,""value"":0.007514710529997975},{""m"":2,""n"":4,""value"":0.0027294051283229654},{""m"":2,""n"":5,""value"":0.0006136419019924926},{""m"":2,""n"":6,""value"":0.0002434155985658903},{""m"":3,""n"":-6,""value"":9.625090467163068e-06},{""m"":3,""n"":-5,""value"":1.6246315836982422e-05},{""m"":3,""n"":-4,""value"":2.1017693622593358e-05},{""m"":3,""n"":-3,""value"":2.6421340699152104e-05},{""m"":3,""n"":-2,""value"":-3.3566835030681e-05},{""m"":3,""n"":-1,""value"":-8.456281855639288e-05},{""m"":3,""n"":0,""value"":-0.00024343716595208085},{""m"":3,""n"":1,""value"":0.00026740428594129544},{""m"":3,""n"":2,""value"":0.001462461100723964},{""m"":3,""n"":3,""value"":0.0019550642122952372},{""m"":3,""n"":4,""value"":0.0019298617936122885},{""m"":3,""n"":5,""value"":0.0005845847818716877},{""m"":3,""n"":6,""value"":3.7735051235458114e-05},{""m"":4,""n"":-6,""value"":9.240160862641496e-07},{""m"":4,""n"":-5,""value"":1.125236957857323e-06},{""m"":4,""n"":-4,""value"":4.835265955570253e-06},{""m"":4,""n"":-3,""value"":1.335929627420218e-05},{""m"":4,""n"":-2,""value"":1.7322500015300067e-05},{""m"":4,""n"":-1,""value"":7.847987384633444e-06},{""m"":4,""n"":0,""value"":-6.096112432048833e-05},{""m"":4,""n"":1,""value"":0.0001344740626681932},{""m"":4,""n"":2,""value"":0.00015001236099967496},{""m"":4,""n"":3,""value"":0.0007260512519602182},{""m"":4,""n"":4,""value"":0.000748841388055288},{""m"":4,""n"":5,""value"":0.0005149410211038639},{""m"":4,""n"":6,""value"":8.037339752260949e-05},{""m"":5,""n"":-6,""value"":1.429187042756651e-06},{""m"":5,""n"":-5,""value"":1.1960660908515196e-06},{""m"":5,""n"":-4,""value"":2.1034758067822573e-06},{""m"":5,""n"":-3,""value"":2.4259923310793085e-06},{""m"":5,""n"":-2,""value"":1.5814703604972395e-06},{""m"":5,""n"":-1,""value"":-8.53839940187743e-06},{""m"":5,""n"":0,""value"":1.8368907708265124e-05},{""m"":5,""n"":1,""value"":-0.000122274777481264},{""m"":5,""n"":2,""value"":0.00021230046680855244},{""m"":5,""n"":3,""value"":-8.456876255534978e-06},{""m"":5,""n"":4,""value"":0.00028378166423655013},{""m"":5,""n"":5,""value"":0.0002604436347802442},{""m"":5,""n"":6,""value"":0.00012770097178065065}]}"
1861414,held-out,baseline,2,False,0.00419208399944182,1.258336082999449,,,,,,,d10cd53a3bac0f5beabd362395f63c32bd3493493ff207b04536f446aab04c21,e180f00bbe2dfa527017b3bd742c1683d48e9ad91e77bc41a373d379247b4c62,2465dae850eae8a246bb01df229c79b75d4113380c6ef7a9b71a16314e4726b8,"ValueError: There was an error in one or more threads during a VMEC++ run:
Thread 1:
	FATAL ERROR in thread=1. The solver failed during the first iterations. This may happen if the initial boundary is poorly shaped or if it isn't spectrally condensed enough.
Thread 3:
	FATAL ERROR in thread=3. The solver failed during the first iterations. This may happen if the initial boundary is poorly shaped or if it isn't spectrally condensed enough.
Thread 0:
	FATAL ERROR in thread=0. The solver failed during the first iterations. This may happen if the initial boundary is poorly shaped or if it isn't spectrally condensed enough.
Thread 2:
	FATAL ERROR in thread=2. The solver failed during the first iterations. This may happen if the initial boundary is poorly shaped or if it isn't spectrally condensed enough.
"
1611132,held-out,baseline,1,False,0.004301667000618181,1.2487701250011014,,,,,,,1a7ab9644f9c7fb303cbba34213ab9467fba2e5fbbb697f9dbc65e418f1be8d2,7daed5ec563d09527dcb3017729fa320650507f2465aceab07b953fed5beafce,2465dae850eae8a246bb01df229c79b75d4113380c6ef7a9b71a16314e4726b8,"ValueError: There was an error in one or more threads during a VMEC++ run:
Thread 3:
	FATAL ERROR in thread=3. The solver failed during the first iterations. This may happen if the initial boundary is poorly shaped or if it isn't spectrally condensed enough.
Thread 0:
	FATAL ERROR in thread=0. The solver failed during the first iterations. This may happen if the initial boundary is poorly shaped or if it isn't spectrally condensed enough.
Thread 2:
	FATAL ERROR in thread=2. The solver failed during the first iterations. This may happen if the initial boundary is poorly shaped or if it isn't spectrally condensed enough.
Thread 1:
	FATAL ERROR in thread=1. The solver failed during the first iterations. This may happen if the initial boundary is poorly shaped or if it isn't spectrally condensed enough.
"
1611132,held-out,candidate,1,False,0.004528500001470093,1.197345000000496,,,,,,,1a7ab9644f9c7fb303cbba34213ab9467fba2e5fbbb697f9dbc65e418f1be8d2,7daed5ec563d09527dcb3017729fa320650507f2465aceab07b953fed5beafce,1a7c1c75ea349004161725842096d51274559ba63849880d707eee823cc42d67,"ValueError: There was an error in one or more threads during a VMEC++ run:
Thread 0:
	FATAL ERROR in thread=0. The solver failed during the first iterations. This may happen if the initial boundary is poorly shaped or if it isn't spectrally condensed enough.
"
2009977,held-out,candidate,2,False,0.005179166999369045,1.2086776670003019,,,,,,,fdc1f0ab85ec9f721cd9eeef278462b37c4974fb918ce4cbd9f3e8092efbd227,1009c5543c190faa8fac0e86bd15cd5038f2754d687359f61fc4937a3c0cf715,1a7c1c75ea349004161725842096d51274559ba63849880d707eee823cc42d67,"ValueError: There was an error in one or more threads during a VMEC++ run:
Thread 0:
	FATAL ERROR in thread=0. The solver failed during the first iterations. This may happen if the initial boundary is poorly shaped or if it isn't spectrally condensed enough.
"
2009977,held-out,baseline,2,False,0.004232958999637049,1.1974261249997653,,,,,,,fdc1f0ab85ec9f721cd9eeef278462b37c4974fb918ce4cbd9f3e8092efbd227,1009c5543c190faa8fac0e86bd15cd5038f2754d687359f61fc4937a3c0cf715,2465dae850eae8a246bb01df229c79b75d4113380c6ef7a9b71a16314e4726b8,"ValueError: There was an error in one or more threads during a VMEC++ run:
Thread 2:
	FATAL ERROR in thread=2. The solver failed during the first iterations. This may happen if the initial boundary is poorly shaped or if it isn't spectrally condensed enough.
Thread 1:
	FATAL ERROR in thread=1. The solver failed during the first iterations. This may happen if the initial boundary is poorly shaped or if it isn't spectrally condensed enough.
Thread 3:
	FATAL ERROR in thread=3. The solver failed during the first iterations. This may happen if the initial boundary is poorly shaped or if it isn't spectrally condensed enough.
Thread 0:
	FATAL ERROR in thread=0. The solver failed during the first iterations. This may happen if the initial boundary is poorly shaped or if it isn't spectrally condensed enough.
"
2055869,discovery,baseline,1,False,0.004207457999655162,1.2068778339998971,,,,,,,90ef6d8a4f06a2a0f5d067b98c859f5101b82cd89019012966fa9b274000ad17,1a9f93af23b91588d393f4d6d0b30364c0da41af9cfc0fb4d51997b1c82268f2,2465dae850eae8a246bb01df229c79b75d4113380c6ef7a9b71a16314e4726b8,"ValueError: There was an error in one or more threads during a VMEC++ run:
Thread 2:
	FATAL ERROR in thread=2. The solver failed during the first iterations. This may happen if the initial boundary is poorly shaped or if it isn't spectrally condensed enough.
Thread 3:
	FATAL ERROR in thread=3. The solver failed during the first iterations. This may happen if the initial boundary is poorly shaped or if it isn't spectrally condensed enough.
Thread 1:
	FATAL ERROR in thread=1. The solver failed during the first iterations. This may happen if the initial boundary is poorly shaped or if it isn't spectrally condensed enough.
Thread 0:
	FATAL ERROR in thread=0. The solver failed during the first iterations. This may happen if the initial boundary is poorly shaped or if it isn't spectrally condensed enough.
"
2055869,discovery,candidate,1,True,1.652692334000676,3.197212875000332,2527,31,9.921791809929764e-10,4.4259145674109503e-10,2.9464615965974527e-10,0.010190974951686405,90ef6d8a4f06a2a0f5d067b98c859f5101b82cd89019012966fa9b274000ad17,1a9f93af23b91588d393f4d6d0b30364c0da41af9cfc0fb4d51997b1c82268f2,1a7c1c75ea349004161725842096d51274559ba63849880d707eee823cc42d67,
784312,held-out,baseline,1,False,0.005240959000730072,1.211726750001617,,,,,,,f83a3a484358243bf7da94c7a86ad1a0c4b81dd9a9c3289473517022adaf73d4,803d7de57c4bd602b608b6baf8e93c93f424e17b5943ca9acb80d41892771449,2465dae850eae8a246bb01df229c79b75d4113380c6ef7a9b71a16314e4726b8,"ValueError: There was an error in one or more threads during a VMEC++ run:
Thread 3:
	FATAL ERROR in thread=3. The solver failed during the first iterations. This may happen if the initial boundary is poorly shaped or if it isn't spectrally condensed enough.
Thread 1:
	FATAL ERROR in thread=1. The solver failed during the first iterations. This may happen if the initial boundary is poorly shaped or if it isn't spectrally condensed enough.
Thread 2:
	FATAL ERROR in thread=2. The solver failed during the first iterations. This may happen if the initial boundary is poorly shaped or if it isn't spectrally condensed enough.
Thread 0:
	FATAL ERROR in thread=0. The solver failed during the first iterations. This may happen if the initial boundary is poorly shaped or if it isn't spectrally condensed enough.
"
784312,held-out,candidate,1,True,0.6793871669997316,2.170736833999399,1029,31,9.480134206626098e-10,8.384653327693138e-10,1.6593048890087402e-10,0.007603422291369936,f83a3a484358243bf7da94c7a86ad1a0c4b81dd9a9c3289473517022adaf73d4,803d7de57c4bd602b608b6baf8e93c93f424e17b5943ca9acb80d41892771449,1a7c1c75ea349004161725842096d51274559ba63849880d707eee823cc42d67,
1849177,discovery,baseline,1,False,0.005101208000269253,1.2140241249999235,,,,,,,a86b6a92c49d4fb45b8b3833dfcb50bb4136c7b68b3fd31af3a439f947051fc0,7ff7b0c5bf27b53215c498858b6636e036686badaae1a147cd8e39db37ef695e,2465dae850eae8a246bb01df229c79b75d4113380c6ef7a9b71a16314e4726b8,"ValueError: There was an error in one or more threads during a VMEC++ run:
Thread 0:
	FATAL ERROR in thread=0. The solver failed during the first iterations. This may happen if the initial boundary is poorly shaped or if it isn't spectrally condensed enough.
Thread 2:
	FATAL ERROR in thread=2. The solver failed during the first iterations. This may happen if the initial boundary is poorly shaped or if it isn't spectrally condensed enough.
Thread 1:
	FATAL ERROR in thread=1. The solver failed during the first iterations. This may happen if the initial boundary is poorly shaped or if it isn't spectrally condensed enough.
Thread 3:
	FATAL ERROR in thread=3. The solver failed during the first iterations. This may happen if the initial boundary is poorly shaped or if it isn't spectrally condensed enough.
"
1849177,discovery,candidate,1,False,0.004613667000739952,1.2023778330003552,,,,,,,a86b6a92c49d4fb45b8b3833dfcb50bb4136c7b68b3fd31af3a439f947051fc0,7ff7b0c5bf27b53215c498858b6636e036686badaae1a147cd8e39db37ef695e,1a7c1c75ea349004161725842096d51274559ba63849880d707eee823cc42d67,"ValueError: There was an error in one or more threads during a VMEC++ run:
Thread 0:
	FATAL ERROR in thread=0. The solver failed during the first iterations. This may happen if the initial boundary is poorly shaped or if it isn't spectrally condensed enough.
"
780110,held-out,candidate,2,False,0.004708583999672555,1.1990112500006944,,,,,,,c11c73fc03cc913ce85aaac4a85d9bf187c6215bb13b7201c6e4b0552fd0e665,9d7d30f4afd28b3500e70fc59d1675ef98c146ce400f81d1368a4cbd979b7062,1a7c1c75ea349004161725842096d51274559ba63849880d707eee823cc42d67,"ValueError: There was an error in one or more threads during a VMEC++ run:
Thread 0:
	FATAL ERROR in thread=0. The solver failed during the first iterations. This may happen if the initial boundary is poorly shaped or if it isn't spectrally condensed enough.
"
780110,held-out,baseline,2,False,0.003912666999895009,1.2053522499991232,,,,,,,c11c73fc03cc913ce85aaac4a85d9bf187c6215bb13b7201c6e4b0552fd0e665,9d7d30f4afd28b3500e70fc59d1675ef98c146ce400f81d1368a4cbd979b7062,2465dae850eae8a246bb01df229c79b75d4113380c6ef7a9b71a16314e4726b8,"ValueError: There was an error in one or more threads during a VMEC++ run:
Thread 0:
	FATAL ERROR in thread=0. The solver failed during the first iterations. This may happen if the initial boundary is poorly shaped or if it isn't spectrally condensed enough.
Thread 1:
	FATAL ERROR in thread=1. The solver failed during the first iterations. This may happen if the initial boundary is poorly shaped or if it isn't spectrally condensed enough.
Thread 3:
	FATAL ERROR in thread=3. The solver failed during the first iterations. This may happen if the initial boundary is poorly shaped or if it isn't spectrally condensed enough.
Thread 2:
	FATAL ERROR in thread=2. The solver failed during the first iterations. This may happen if the initial boundary is poorly shaped or if it isn't spectrally condensed enough.
"
819919,held-out,baseline,0,False,0.00507520800056227,1.216661541000576,,,,,,,5298213838eb79de8a1f59dd496e2ba6c437573044036aacc612c88a817e1d41,efe1c746527b96b2a953f2653b0ca9cdb814ac5c9b918d5895cb8f7fe4743c04,2465dae850eae8a246bb01df229c79b75d4113380c6ef7a9b71a16314e4726b8,"ValueError: There was an error in one or more threads during a VMEC++ run:
Thread 3:
	FATAL ERROR in thread=3. The solver failed during the first iterations. This may happen if the initial boundary is poorly shaped or if it isn't spectrally condensed enough.
Thread 2:
	FATAL ERROR in thread=2. The solver failed during the first iterations. This may happen if the initial boundary is poorly shaped or if it isn't spectrally condensed enough.
Thread 0:
	FATAL ERROR in thread=0. The solver failed during the first iterations. This may happen if the initial boundary is poorly shaped or if it isn't spectrally condensed enough.
Thread 1:
	FATAL ERROR in thread=1. The solver failed during the first iterations. This may happen if the initial boundary is poorly shaped or if it isn't spectrally condensed enough.
"
819919,held-out,candidate,0,False,0.00523816700115276,1.1568213339996873,,,,,,,5298213838eb79de8a1f59dd496e2ba6c437573044036aacc612c88a817e1d41,efe1c746527b96b2a953f2653b0ca9cdb814ac5c9b918d5895cb8f7fe4743c04,1a7c1c75ea349004161725842096d51274559ba63849880d707eee823cc42d67,"ValueError: There was an error in one or more threads during a VMEC++ run:
Thread 0:
	FATAL ERROR in thread=0. The solver failed during the first iterations. This may happen if the initial boundary is poorly shaped or if it isn't spectrally condensed enough.
"
819919,held-out,baseline,2,False,0.004793250000147964,1.1993702920008218,,,,,,,5298213838eb79de8a1f59dd496e2ba6c437573044036aacc612c88a817e1d41,efe1c746527b96b2a953f2653b0ca9cdb814ac5c9b918d5895cb8f7fe4743c04,2465dae850eae8a246bb01df229c79b75d4113380c6ef7a9b71a16314e4726b8,"ValueError: There was an error in one or more threads during a VMEC++ run:
Thread 0:
	FATAL ERROR in thread=0. The solver failed during the first iterations. This may happen if the initial boundary is poorly shaped or if it isn't spectrally condensed enough.
Thread 3:
	FATAL ERROR in thread=3. The solver failed during the first iterations. This may happen if the initial boundary is poorly shaped or if it isn't spectrally condensed enough.
Thread 1:
	FATAL ERROR in thread=1. The solver failed during the first iterations. This may happen if the initial boundary is poorly shaped or if it isn't spectrally condensed enough.
Thread 2:
	FATAL ERROR in thread=2. The solver failed during the first iterations. This may happen if the initial boundary is poorly shaped or if it isn't spectrally condensed enough.
"
819919,held-out,candidate,2,False,0.005164375001186272,1.2463084589999198,,,,,,,5298213838eb79de8a1f59dd496e2ba6c437573044036aacc612c88a817e1d41,efe1c746527b96b2a953f2653b0ca9cdb814ac5c9b918d5895cb8f7fe4743c04,1a7c1c75ea349004161725842096d51274559ba63849880d707eee823cc42d67,"ValueError: There was an error in one or more threads during a VMEC++ run:
Thread 0:
	FATAL ERROR in thread=0. The solver failed during the first iterations. This may happen if the initial boundary is poorly shaped or if it isn't spectrally condensed enough.
"
1088047,held-out,baseline,2,False,0.004689124998549232,1.2041921250001906,,,,,,,da422faaae4618d872ce9ee35de31d1c69a8a4f108193abd44b829ad1bbcf9fa,1fc6d2d9cc83832884f7454eebf381315c9bb8430efa290ded4e03e7cf227205,2465dae850eae8a246bb01df229c79b75d4113380c6ef7a9b71a16314e4726b8,"ValueError: There was an error in one or more threads during a VMEC++ run:
Thread 2:
	FATAL ERROR in thread=2. The solver failed during the first iterations. This may happen if the initial boundary is poorly shaped or if it isn't spectrally condensed enough.
Thread 0:
	FATAL ERROR in thread=0. The solver failed during the first iterations. This may happen if the initial boundary is poorly shaped or if it isn't spectrally condensed enough.
Thread 3:
	FATAL ERROR in thread=3. The solver failed during the first iterations. This may happen if the initial boundary is poorly shaped or if it isn't spectrally condensed enough.
Thread 1:
	FATAL ERROR in thread=1. The solver failed during the first iterations. This may happen if the initial boundary is poorly shaped or if it isn't spectrally condensed enough.
"
1088047,held-out,candidate,2,False,0.004725832999611157,1.203262958999403,,,,,,,da422faaae4618d872ce9ee35de31d1c69a8a4f108193abd44b829ad1bbcf9fa,1fc6d2d9cc83832884f7454eebf381315c9bb8430efa290ded4e03e7cf227205,1a7c1c75ea349004161725842096d51274559ba63849880d707eee823cc42d67,"ValueError: There was an error in one or more threads during a VMEC++ run:
Thread 0:
	FATAL ERROR in thread=0. The solver failed during the first iterations. This may happen if the initial boundary is poorly shaped or if it isn't spectrally condensed enough.
"
1335043,held-out,candidate,0,False,0.005246791000899975,1.3023780829989846,,,,,,,fb8a784b207ab7f06e352d20737be11eabad7a690e56a91208965094946d83d9,c8a92020ec1c1653667eac7ef46c9d3c6ec90d5866a3ac1338c1292d0a4a19f3,1a7c1c75ea349004161725842096d51274559ba63849880d707eee823cc42d67,"ValueError: There was an error in one or more threads during a VMEC++ run:
Thread 0:
	FATAL ERROR in thread=0. The solver failed during the first iterations. This may happen if the initial boundary is poorly shaped or if it isn't spectrally condensed enough.
"
1335043,held-out,baseline,0,False,0.004232708999552415,1.2129812909988686,,,,,,,fb8a784b207ab7f06e352d20737be11eabad7a690e56a91208965094946d83d9,c8a92020ec1c1653667eac7ef46c9d3c6ec90d5866a3ac1338c1292d0a4a19f3,2465dae850eae8a246bb01df229c79b75d4113380c6ef7a9b71a16314e4726b8,"ValueError: There was an error in one or more threads during a VMEC++ run:
Thread 3:
	FATAL ERROR in thread=3. The solver failed during the first iterations. This may happen if the initial boundary is poorly shaped or if it isn't spectrally condensed enough.
Thread 2:
	FATAL ERROR in thread=2. The solver failed during the first iterations. This may happen if the initial boundary is poorly shaped or if it isn't spectrally condensed enough.
Thread 1:
	FATAL ERROR in thread=1. The solver failed during the first iterations. This may happen if the initial boundary is poorly shaped or if it isn't spectrally condensed enough.
Thread 0:
	FATAL ERROR in thread=0. The solver failed during the first iterations. This may happen if the initial boundary is poorly shaped or if it isn't spectrally condensed enough.
"
2296519,held-out,baseline,1,False,0.004329250001319451,1.2135513750017708,,,,,,,24cac3bc14df5361df596612880d435165bac29e0a9ecb4b6697f6cb4233a5ee,e91a8ed0efb73deedd8fe1eb387a13e3ddc53e5d1c8ee63d41ba995771192682,2465dae850eae8a246bb01df229c79b75d4113380c6ef7a9b71a16314e4726b8,"ValueError: There was an error in one or more threads during a VMEC++ run:
Thread 3:
	FATAL ERROR in thread=3. The solver failed during the first iterations. This may happen if the initial boundary is poorly shaped or if it isn't spectrally condensed enough.
Thread 2:
	FATAL ERROR in thread=2. The solver failed during the first iterations. This may happen if the initial boundary is poorly shaped or if it isn't spectrally condensed enough.
Thread 0:
	FATAL ERROR in thread=0. The solver failed during the first iterations. This may happen if the initial boundary is poorly shaped or if it isn't spectrally condensed enough.
Thread 1:
	FATAL ERROR in thread=1. The solver failed during the first iterations. This may happen if the initial boundary is poorly shaped or if it isn't spectrally condensed enough.
"
2296519,held-out,candidate,1,False,0.004779374999998254,1.156771416999618,,,,,,,24cac3bc14df5361df596612880d435165bac29e0a9ecb4b6697f6cb4233a5ee,e91a8ed0efb73deedd8fe1eb387a13e3ddc53e5d1c8ee63d41ba995771192682,1a7c1c75ea349004161725842096d51274559ba63849880d707eee823cc42d67,"ValueError: There was an error in one or more threads during a VMEC++ run:
Thread 0:
	FATAL ERROR in thread=0. The solver failed during the first iterations. This may happen if the initial boundary is poorly shaped or if it isn't spectrally condensed enough.
"
2010788,held-out,baseline,2,False,0.0048232499993901,1.19287174999954,,,,,,,aba4cdc6d3b6889c953eba28e8404a493cb6648862f20ca1e8d64be205b804f1,d4b0b1e7d369562e1f6095d2669509b47993c99b22c7fae88a93b06dbca6b8db,2465dae850eae8a246bb01df229c79b75d4113380c6ef7a9b71a16314e4726b8,"ValueError: There was an error in one or more threads during a VMEC++ run:
Thread 0:
	FATAL ERROR in thread=0. The solver failed during the first iterations. This may happen if the initial boundary is poorly shaped or if it isn't spectrally condensed enough.
Thread 3:
	FATAL ERROR in thread=3. The solver failed during the first iterations. This may happen if the initial boundary is poorly shaped or if it isn't spectrally condensed enough.
Thread 1:
	FATAL ERROR in thread=1. The solver failed during the first iterations. This may happen if the initial boundary is poorly shaped or if it isn't spectrally condensed enough.
Thread 2:
	FATAL ERROR in thread=2. The solver failed during the first iterations. This may happen if the initial boundary is poorly shaped or if it isn't spectrally condensed enough.
"
2010788,held-out,candidate,2,False,0.005537584000194329,1.2059192080014327,,,,,,,aba4cdc6d3b6889c953eba28e8404a493cb6648862f20ca1e8d64be205b804f1,d4b0b1e7d369562e1f6095d2669509b47993c99b22c7fae88a93b06dbca6b8db,1a7c1c75ea349004161725842096d51274559ba63849880d707eee823cc42d67,"ValueError: There was an error in one or more threads during a VMEC++ run:
Thread 0:
	FATAL ERROR in thread=0. The solver failed during the first iterations. This may happen if the initial boundary is poorly shaped or if it isn't spectrally condensed enough.
"
259490,discovery,candidate,1,True,1.298115458999746,2.793774208999821,1708,31,9.151125363429249e-10,9.476866033397157e-10,1.676989671214904e-11,0.0010082856252228943,0a03e3d837bce27c08a1ee645ec6735c1995bc42451826ad085a8b63ee89d583,baf85309fcfb5d2c4fcedce09fb931b3a0836e626d00923798cda388e4bf8e46,1a7c1c75ea349004161725842096d51274559ba63849880d707eee823cc42d67,
259490,discovery,baseline,1,False,0.004650458000469371,1.1960378750009113,,,,,,,0a03e3d837bce27c08a1ee645ec6735c1995bc42451826ad085a8b63ee89d583,baf85309fcfb5d2c4fcedce09fb931b3a0836e626d00923798cda388e4bf8e46,2465dae850eae8a246bb01df229c79b75d4113380c6ef7a9b71a16314e4726b8,"ValueError: There was an error in one or more threads during a VMEC++ run:
Thread 3:
	FATAL ERROR in thread=3. The solver failed during the first iterations. This may happen if the initial boundary is poorly shaped or if it isn't spectrally condensed enough.
Thread 1:
	FATAL ERROR in thread=1. The solver failed during the first iterations. This may happen if the initial boundary is poorly shaped or if it isn't spectrally condensed enough.
Thread 2:
	FATAL ERROR in thread=2. The solver failed during the first iterations. This may happen if the initial boundary is poorly shaped or if it isn't spectrally condensed enough.
Thread 0:
	FATAL ERROR in thread=0. The solver failed during the first iterations. This may happen if the initial boundary is poorly shaped or if it isn't spectrally condensed enough.
"
890144,held-out,candidate,2,False,0.005854042001374182,1.1983800420002808,,,,,,,b6b0ea093a0e17f368cbfdbcf8bf1bc1552b69c9cb9087b23d51c0a9a7855081,8fadeec0f696a71335f1cc3f390f66f4444c3a5a9ea4cdd20ec07fdae310bb32,1a7c1c75ea349004161725842096d51274559ba63849880d707eee823cc42d67,"ValueError: There was an error in one or more threads during a VMEC++ run:
Thread 0:
	FATAL ERROR in thread=0. The solver failed during the first iterations. This may happen if the initial boundary is poorly shaped or if it isn't spectrally condensed enough.
"
890144,held-out,baseline,2,False,0.00401400000009744,1.19975945799888,,,,,,,b6b0ea093a0e17f368cbfdbcf8bf1bc1552b69c9cb9087b23d51c0a9a7855081,8fadeec0f696a71335f1cc3f390f66f4444c3a5a9ea4cdd20ec07fdae310bb32,2465dae850eae8a246bb01df229c79b75d4113380c6ef7a9b71a16314e4726b8,"ValueError: There was an error in one or more threads during a VMEC++ run:
Thread 0:
	FATAL ERROR in thread=0. The solver failed during the first iterations. This may happen if the initial boundary is poorly shaped or if it isn't spectrally condensed enough.
Thread 3:
	FATAL ERROR in thread=3. The solver failed during the first iterations. This may happen if the initial boundary is poorly shaped or if it isn't spectrally condensed enough.
Thread 2:
	FATAL ERROR in thread=2. The solver failed during the first iterations. This may happen if the initial boundary is poorly shaped or if it isn't spectrally condensed enough.
Thread 1:
	FATAL ERROR in thread=1. The solver failed during the first iterations. This may happen if the initial boundary is poorly shaped or if it isn't spectrally condensed enough.
"
1088372,discovery,candidate,1,False,0.0048169590008910745,1.2104550409985677,,,,,,,564d5daa66c3ad994c126d01824727fc8a80f7f1d339cfd884b3b52a7b688127,4f5d25771f2fec5b31fb97545f6fbfac773d986a06245d1e6b5afc0afe3adc24,1a7c1c75ea349004161725842096d51274559ba63849880d707eee823cc42d67,"ValueError: There was an error in one or more threads during a VMEC++ run:
Thread 0:
	FATAL ERROR in thread=0. The solver failed during the first iterations. This may happen if the initial boundary is poorly shaped or if it isn't spectrally condensed enough.
"
1088372,discovery,baseline,1,False,0.005184707999433158,1.211932166999759,,,,,,,564d5daa66c3ad994c126d01824727fc8a80f7f1d339cfd884b3b52a7b688127,4f5d25771f2fec5b31fb97545f6fbfac773d986a06245d1e6b5afc0afe3adc24,2465dae850eae8a246bb01df229c79b75d4113380c6ef7a9b71a16314e4726b8,"ValueError: There was an error in one or more threads during a VMEC++ run:
Thread 1:
	FATAL ERROR in thread=1. The solver failed during the first iterations. This may happen if the initial boundary is poorly shaped or if it isn't spectrally condensed enough.
Thread 0:
	FATAL ERROR in thread=0. The solver failed during the first iterations. This may happen if the initial boundary is poorly shaped or if it isn't spectrally condensed enough.
Thread 3:
	FATAL ERROR in thread=3. The solver failed during the first iterations. This may happen if the initial boundary is poorly shaped or if it isn't spectrally condensed enough.
Thread 2:
	FATAL ERROR in thread=2. The solver failed during the first iterations. This may happen if the initial boundary is poorly shaped or if it isn't spectrally condensed enough.
"
2460189,held-out,baseline,2,False,0.004788292000739602,1.204317292000269,,,,,,,9a6b3a31177155f1ad148774e03203609ea1305a97070ba9e503cfdb675e16fd,5b6275a98297e0e88a45c27e47aa99fafe505ccda106670fe0f14681d55cbf9e,2465dae850eae8a246bb01df229c79b75d4113380c6ef7a9b71a16314e4726b8,"ValueError: There was an error in one or more threads during a VMEC++ run:
Thread 2:
	FATAL ERROR in thread=2. The solver failed during the first iterations. This may happen if the initial boundary is poorly shaped or if it isn't spectrally condensed enough.
Thread 3:
	FATAL ERROR in thread=3. The solver failed during the first iterations. This may happen if the initial boundary is poorly shaped or if it isn't spectrally condensed enough.
Thread 0:
	FATAL ERROR in thread=0. The solver failed during the first iterations. This may happen if the initial boundary is poorly shaped or if it isn't spectrally condensed enough.
Thread 1:
	FATAL ERROR in thread=1. The solver failed during the first iterations. This may happen if the initial boundary is poorly shaped or if it isn't spectrally condensed enough.
"
2460189,held-out,candidate,2,True,2.112029625001014,3.627864584001145,3204,31,9.989189476504154e-10,5.727720016518325e-10,4.940006188566916e-10,0.00519811461965603,9a6b3a31177155f1ad148774e03203609ea1305a97070ba9e503cfdb675e16fd,5b6275a98297e0e88a45c27e47aa99fafe505ccda106670fe0f14681d55cbf9e,1a7c1c75ea349004161725842096d51274559ba63849880d707eee823cc42d67,
220705,held-out,candidate,0,True,1.6377428340001643,3.146703082999011,2730,31,9.932985057310177e-10,2.7890085366513736e-10,2.2532902285490907e-11,0.0015773181793231341,c04dc5010085ddd49b27372d3f6c964b470991adc9fc05eba7657ceaa091cc9e,682df94d35748d9128728284c2a587c3020e82b9528c19dff28cc266a9f1c0a2,1a7c1c75ea349004161725842096d51274559ba63849880d707eee823cc42d67,
220705,held-out,baseline,0,False,0.004266957999789156,1.2090992080011347,,,,,,,c04dc5010085ddd49b27372d3f6c964b470991adc9fc05eba7657ceaa091cc9e,682df94d35748d9128728284c2a587c3020e82b9528c19dff28cc266a9f1c0a2,2465dae850eae8a246bb01df229c79b75d4113380c6ef7a9b71a16314e4726b8,"ValueError: There was an error in one or more threads during a VMEC++ run:
Thread 0:
	FATAL ERROR in thread=0. The solver failed during the first iterations. This may happen if the initial boundary is poorly shaped or if it isn't spectrally condensed enough.
Thread 3:
	FATAL ERROR in thread=3. The solver failed during the first iterations. This may happen if the initial boundary is poorly shaped or if it isn't spectrally condensed enough.
Thread 1:
	FATAL ERROR in thread=1. The solver failed during the first iterations. This may happen if the initial boundary is poorly shaped or if it isn't spectrally condensed enough.
Thread 2:
	FATAL ERROR in thread=2. The solver failed during the first iterations. This may happen if the initial boundary is poorly shaped or if it isn't spectrally condensed enough.
"
261318,held-out,baseline,2,False,0.004902915999991819,1.1591524170016783,,,,,,,204d3e9dc4779cbb58943d049cc4c8d8a18f8d65a8a0db09c338819bb80ef417,5e6711f07977bbdc2918ef17c814f035b5bea85a1d1d8d86f35ac728b1f914e0,2465dae850eae8a246bb01df229c79b75d4113380c6ef7a9b71a16314e4726b8,"ValueError: There was an error in one or more threads during a VMEC++ run:
Thread 1:
	FATAL ERROR in thread=1. The solver failed during the first iterations. This may happen if the initial boundary is poorly shaped or if it isn't spectrally condensed enough.
Thread 3:
	FATAL ERROR in thread=3. The solver failed during the first iterations. This may happen if the initial boundary is poorly shaped or if it isn't spectrally condensed enough.
Thread 0:
	FATAL ERROR in thread=0. The solver failed during the first iterations. This may happen if the initial boundary is poorly shaped or if it isn't spectrally condensed enough.
Thread 2:
	FATAL ERROR in thread=2. The solver failed during the first iterations. This may happen if the initial boundary is poorly shaped or if it isn't spectrally condensed enough.
"
261318,held-out,candidate,2,False,0.08545491699987906,1.2644668749999255,,,,,,,204d3e9dc4779cbb58943d049cc4c8d8a18f8d65a8a0db09c338819bb80ef417,5e6711f07977bbdc2918ef17c814f035b5bea85a1d1d8d86f35ac728b1f914e0,1a7c1c75ea349004161725842096d51274559ba63849880d707eee823cc42d67,"ValueError: FATAL ERROR in SolveEquilibrium: JACOBIAN_75_TIMES_BAD The jacobian factor of the geometry repeatedly became negative, indicating that flux surfaces become self-intersecting. This can mean that your prescribed boundary is too shaped for VMEC to resolve
VmecINDATA had these contents:
{""ac"":[1.0,-1.0],""ac_aux_f"":[],""ac_aux_s"":[],""ai"":[],""ai_aux_f"":[],""ai_aux_s"":[],""am"":[1.0,-1.0],""am_aux_f"":[],""am_aux_s"":[],""aphi"":[1.0],""bloat"":1.0,""curtor"":0.0,""delt"":1.0,""extcur"":[1086307.6184879432],""free_boundary_method"":""nestor"",""ftol_array"":[1e-09,1e-09,1e-09],""gamma"":0.0,""iteration_style"":""vmec_8_52"",""lasym"":false,""lforbal"":false,""lfreeb"":true,""mgrid_file"":""NONE"",""mpol"":6,""mpol_geometry"":-1,""ncurr"":1,""nfp"":5,""niter_array"":[4000,4000,4000],""ns_array"":[8,16,31],""nstep"":200,""ntheta"":0,""ntor"":6,""ntor_geometry"":-1,""nvacskip"":6,""nzeta"":24,""pcurr_type"":""power_series"",""phiedge"":0.0030466199844685973,""piota_type"":""power_series"",""pmass_type"":""power_series"",""pres_scale"":0.0,""raxis_c"":[1.0395738887488812,0.0,0.0,0.0,0.0,0.0,0.0],""rbc"":[{""m"":0,""n"":0,""value"":1.0395738887488812},{""m"":0,""n"":1,""value"":-4.0039332540405545e-05},{""m"":0,""n"":2,""value"":-0.00014217393864255696},{""m"":0,""n"":3,""value"":3.244262405360775e-05},{""m"":0,""n"":4,""value"":3.0582392753898017e-06},{""m"":0,""n"":5,""value"":-6.196682299088666e-07},{""m"":0,""n"":6,""value"":1.7987772246772314e-07},{""m"":1,""n"":-6,""value"":1.6030090547276263e-07},{""m"":1,""n"":-5,""value"":-7.940046622585927e-07},{""m"":1,""n"":-4,""value"":7.397895050714161e-07},{""m"":1,""n"":-3,""value"":6.326473898966279e-06},{""m"":1,""n"":-2,""value"":-2.9009182047938288e-05},{""m"":1,""n"":-1,""value"":-0.0010220881057253937},{""m"":1,""n"":0,""value"":-0.0651250027243753},{""m"":1,""n"":1,""value"":0.0018236003273593784},{""m"":1,""n"":2,""value"":1.118376250884129e-05},{""m"":1,""n"":3,""value"":6.469933473159408e-06},{""m"":1,""n"":4,""value"":2.836906677311735e-06},{""m"":1,""n"":5,""value"":-6.678880788689679e-07},{""m"":1,""n"":6,""value"":1.8769171152324012e-07},{""m"":2,""n"":-6,""value"":1.725079027773593e-07},{""m"":2,""n"":-5,""value"":-5.96389774275673e-07},{""m"":2,""n"":-4,""value"":1.724679948562773e-06},{""m"":2,""n"":-3,""value"":2.6477792772757185e-06},{""m"":2,""n"":-2,""value"":-2.5163225383198998e-05},{""m"":2,""n"":-1,""value"":-0.0002819291395607653},{""m"":2,""n"":0,""value"":-0.029355879407324672},{""m"":2,""n"":1,""value"":0.001315162937086481},{""m"":2,""n"":2,""value"":-7.200284367389872e-05},{""m"":2,""n"":3,""value"":-1.9950441622566475e-05},{""m"":2,""n"":4,""value"":1.1754051461193914e-06},{""m"":2,""n"":5,""value"":-9.693329114448757e-07},{""m"":2,""n"":6,""value"":1.7630994397989316e-07},{""m"":3,""n"":-6,""value"":1.8113001550716776e-07},{""m"":3,""n"":-5,""value"":-4.874932242789137e-07},{""m"":3,""n"":-4,""value"":1.851214887811599e-06},{""m"":3,""n"":-3,""value"":8.017227552364164e-07},{""m"":3,""n"":-2,""value"":1.2097336511939634e-05},{""m"":3,""n"":-1,""value"":0.00018438724412359053},{""m"":3,""n"":0,""value"":-0.01480011150850581},{""m"":3,""n"":1,""value"":0.0029767537261563377},{""m"":3,""n"":2,""value"":1.0152418637168924e-05},{""m"":3,""n"":3,""value"":-1.3778065356943188e-05},{""m"":3,""n"":4,""value"":1.7906754267068984e-06},{""m"":3,""n"":5,""value"":-9.5849940109462e-07},{""m"":3,""n"":6,""value"":2.0267901631945037e-07},{""m"":4,""n"":-6,""value"":1.8657521750704028e-07},{""m"":4,""n"":-5,""value"":-4.4242144355778973e-07},{""m"":4,""n"":-4,""value"":1.5299394359200162e-06},{""m"":4,""n"":-3,""value"":-2.224254369944499e-06},{""m"":4,""n"":-2,""value"":3.159193615499291e-05},{""m"":4,""n"":-1,""value"":0.00037140476985190486},{""m"":4,""n"":0,""value"":-0.008926822871757216},{""m"":4,""n"":1,""value"":0.0038717144193383705},{""m"":4,""n"":2,""value"":1.9242584265354735e-05},{""m"":4,""n"":3,""value"":-8.463638949726033e-06},{""m"":4,""n"":4,""value"":1.6741431226488928e-06},{""m"":4,""n"":5,""value"":-9.517169607387428e-07},{""m"":4,""n"":6,""value"":2.2500153752723815e-07},{""m"":5,""n"":-6,""value"":1.9369987347844983e-07},{""m"":5,""n"":-5,""value"":-4.205501286538368e-07},{""m"":5,""n"":-4,""value"":1.2059898924960485e-06},{""m"":5,""n"":-3,""value"":-2.8973552899443747e-06},{""m"":5,""n"":-2,""value"":4.437725378651205e-05},{""m"":5,""n"":-1,""value"":0.00032791647860212954},{""m"":5,""n"":0,""value"":-0.005573314864993626},{""m"":5,""n"":1,""value"":0.004261637872586904},{""m"":5,""n"":2,""value"":2.0503519937986264e-06},{""m"":5,""n"":3,""value"":-2.597632103056167e-06},{""m"":5,""n"":4,""value"":1.1838242042213707e-06},{""m"":5,""n"":5,""value"":-9.53774947677498e-07},{""m"":5,""n"":6,""value"":2.3738039623509887e-07}],""return_outputs_even_if_not_converged"":false,""spres_ped"":1.0,""tcon0"":1.0,""zaxis_s"":[0.0,0.0,0.0,0.0,0.0,0.0,0.0],""zbs"":[{""m"":0,""n"":1,""value"":-0.00039661268154314106},{""m"":0,""n"":2,""value"":-1.0067941421630585e-05},{""m"":0,""n"":3,""value"":1.94271333575781e-05},{""m"":0,""n"":4,""value"":-2.650118378332132e-06},{""m"":0,""n"":5,""value"":-9.253792509269511e-08},{""m"":0,""n"":6,""value"":-4.931695818518354e-08},{""m"":1,""n"":-6,""value"":5.3838398458250704e-08},{""m"":1,""n"":-5,""value"":1.4930829319073973e-07},{""m"":1,""n"":-4,""value"":5.3860945106727785e-06},{""m"":1,""n"":-3,""value"":1.0140876741736861e-05},{""m"":1,""n"":-2,""value"":2.7680226497445425e-05},{""m"":1,""n"":-1,""value"":0.0013734033460517535},{""m"":1,""n"":0,""value"":0.09845683651084963},{""m"":1,""n"":1,""value"":0.001227345792723065},{""m"":1,""n"":2,""value"":7.756986408843385e-05},{""m"":1,""n"":3,""value"":1.9293926475878054e-05},{""m"":1,""n"":4,""value"":2.609644417636925e-06},{""m"":1,""n"":5,""value"":3.1810277897449747e-07},{""m"":1,""n"":6,""value"":-1.9654016760850164e-08},{""m"":2,""n"":-6,""value"":4.08379304191971e-08},{""m"":2,""n"":-5,""value"":-6.918152640579843e-08},{""m"":2,""n"":-4,""value"":3.1290875045135703e-06},{""m"":2,""n"":-3,""value"":2.2127776360867595e-06},{""m"":2,""n"":-2,""value"":-1.2508060825352968e-05},{""m"":2,""n"":-1,""value"":-0.00019076948240059763},{""m"":2,""n"":0,""value"":0.03912354259890745},{""m"":2,""n"":1,""value"":0.0009427039710446823},{""m"":2,""n"":2,""value"":-1.897408625877202e-05},{""m"":2,""n"":3,""value"":-1.7858819161107823e-05},{""m"":2,""n"":4,""value"":-3.920740755581825e-07},{""m"":2,""n"":5,""value"":1.5577454221494304e-07},{""m"":2,""n"":6,""value"":-3.809220412020173e-08},{""m"":3,""n"":-6,""value"":4.4017280687439585e-08},{""m"":3,""n"":-5,""value"":-1.1702400373054497e-07},{""m"":3,""n"":-4,""value"":2.204190711192622e-06},{""m"":3,""n"":-3,""value"":2.1869929521799863e-06},{""m"":3,""n"":-2,""value"":4.861668666256378e-06},{""m"":3,""n"":-1,""value"":-0.0002140021540018359},{""m"":3,""n"":0,""value"":0.025709281911553014},{""m"":3,""n"":1,""value"":0.0027816860240843008},{""m"":3,""n"":2,""value"":4.6662084280093316e-05},{""m"":3,""n"":3,""value"":-1.4471286033277295e-05},{""m"":3,""n"":4,""value"":-3.2071886581549186e-07},{""m"":3,""n"":5,""value"":2.705822305620779e-07},{""m"":3,""n"":6,""value"":-2.8760525033443107e-08},{""m"":4,""n"":-6,""value"":4.4533099772705046e-08},{""m"":4,""n"":-5,""value"":-1.614098685387561e-07},{""m"":4,""n"":-4,""value"":1.299543921000953e-06},{""m"":4,""n"":-3,""value"":8.786499821834722e-07},{""m"":4,""n"":-2,""value"":-6.413453524063538e-06},{""m"":4,""n"":-1,""value"":-0.00030630007548075236},{""m"":4,""n"":0,""value"":0.014190496278859922},{""m"":4,""n"":1,""value"":0.003910407625104488},{""m"":4,""n"":2,""value"":5.3814384813020665e-05},{""m"":4,""n"":3,""value"":-1.0379369488323448e-05},{""m"":4,""n"":4,""value"":-1.585456713222024e-07},{""m"":4,""n"":5,""value"":4.320016126634189e-07},{""m"":4,""n"":6,""value"":-1.079205681133724e-08},{""m"":5,""n"":-6,""value"":4.3841947175721686e-08},{""m"":5,""n"":-5,""value"":-1.8856924544356023e-07},{""m"":5,""n"":-4,""value"":6.448396130238052e-07},{""m"":5,""n"":-3,""value"":-4.842161464421006e-07},{""m"":5,""n"":-2,""value"":-1.5221808827934466e-05},{""m"":5,""n"":-1,""value"":-0.00023768460951796612},{""m"":5,""n"":0,""value"":0.007036181286129429},{""m"":5,""n"":1,""value"":0.004481177276533465},{""m"":5,""n"":2,""value"":3.893227422756762e-05},{""m"":5,""n"":3,""value"":-6.5977889244653445e-06},{""m"":5,""n"":4,""value"":-2.527960882429178e-07},{""m"":5,""n"":5,""value"":5.189656117803662e-07},{""m"":5,""n"":6,""value"":-2.4497994109008717e-09}]}"
1681907,held-out,candidate,2,True,0.878853166999761,2.3957242500000575,1332,31,9.826246707169542e-10,5.725684081718453e-10,2.3103305376166514e-10,0.009469653646248515,a3305eac3f02f07316cc1734796c0368dc3d8c8ef757de9b2269aeedd495564c,7363c91283c4c5fc67d2ec6ab49be15168c9a309daf01f6bae55638f1608ef00,1a7c1c75ea349004161725842096d51274559ba63849880d707eee823cc42d67,
1681907,held-out,baseline,2,False,0.0041829999991023215,1.21324179200019,,,,,,,a3305eac3f02f07316cc1734796c0368dc3d8c8ef757de9b2269aeedd495564c,7363c91283c4c5fc67d2ec6ab49be15168c9a309daf01f6bae55638f1608ef00,2465dae850eae8a246bb01df229c79b75d4113380c6ef7a9b71a16314e4726b8,"ValueError: There was an error in one or more threads during a VMEC++ run:
Thread 1:
	FATAL ERROR in thread=1. The solver failed during the first iterations. This may happen if the initial boundary is poorly shaped or if it isn't spectrally condensed enough.
Thread 3:
	FATAL ERROR in thread=3. The solver failed during the first iterations. This may happen if the initial boundary is poorly shaped or if it isn't spectrally condensed enough.
Thread 0:
	FATAL ERROR in thread=0. The solver failed during the first iterations. This may happen if the initial boundary is poorly shaped or if it isn't spectrally condensed enough.
Thread 2:
	FATAL ERROR in thread=2. The solver failed during the first iterations. This may happen if the initial boundary is poorly shaped or if it isn't spectrally condensed enough.
"
1088372,discovery,candidate,0,False,0.005952834000709117,1.1940612499984127,,,,,,,564d5daa66c3ad994c126d01824727fc8a80f7f1d339cfd884b3b52a7b688127,4f5d25771f2fec5b31fb97545f6fbfac773d986a06245d1e6b5afc0afe3adc24,1a7c1c75ea349004161725842096d51274559ba63849880d707eee823cc42d67,"ValueError: There was an error in one or more threads during a VMEC++ run:
Thread 0:
	FATAL ERROR in thread=0. The solver failed during the first iterations. This may happen if the initial boundary is poorly shaped or if it isn't spectrally condensed enough.
"
1088372,discovery,baseline,0,False,0.003954166999392328,1.1629349169998022,,,,,,,564d5daa66c3ad994c126d01824727fc8a80f7f1d339cfd884b3b52a7b688127,4f5d25771f2fec5b31fb97545f6fbfac773d986a06245d1e6b5afc0afe3adc24,2465dae850eae8a246bb01df229c79b75d4113380c6ef7a9b71a16314e4726b8,"ValueError: There was an error in one or more threads during a VMEC++ run:
Thread 1:
	FATAL ERROR in thread=1. The solver failed during the first iterations. This may happen if the initial boundary is poorly shaped or if it isn't spectrally condensed enough.
Thread 2:
	FATAL ERROR in thread=2. The solver failed during the first iterations. This may happen if the initial boundary is poorly shaped or if it isn't spectrally condensed enough.
Thread 0:
	FATAL ERROR in thread=0. The solver failed during the first iterations. This may happen if the initial boundary is poorly shaped or if it isn't spectrally condensed enough.
Thread 3:
	FATAL ERROR in thread=3. The solver failed during the first iterations. This may happen if the initial boundary is poorly shaped or if it isn't spectrally condensed enough.
"
263908,held-out,candidate,0,False,0.0050651660003495635,1.1983246250001685,,,,,,,f5e7e6358e7a917e928a71f1bc47bb102ad1a0c46a1a32aa5eb2a6d8886f8a55,6e27882918633a17900e600b9851711a31624d913d9f7ee9d6c9de12eaf74ac5,1a7c1c75ea349004161725842096d51274559ba63849880d707eee823cc42d67,"ValueError: There was an error in one or more threads during a VMEC++ run:
Thread 0:
	FATAL ERROR in thread=0. The solver failed during the first iterations. This may happen if the initial boundary is poorly shaped or if it isn't spectrally condensed enough.
"
263908,held-out,baseline,0,False,0.0053104160015209345,1.2167677500001446,,,,,,,f5e7e6358e7a917e928a71f1bc47bb102ad1a0c46a1a32aa5eb2a6d8886f8a55,6e27882918633a17900e600b9851711a31624d913d9f7ee9d6c9de12eaf74ac5,2465dae850eae8a246bb01df229c79b75d4113380c6ef7a9b71a16314e4726b8,"ValueError: There was an error in one or more threads during a VMEC++ run:
Thread 3:
	FATAL ERROR in thread=3. The solver failed during the first iterations. This may happen if the initial boundary is poorly shaped or if it isn't spectrally condensed enough.
Thread 0:
	FATAL ERROR in thread=0. The solver failed during the first iterations. This may happen if the initial boundary is poorly shaped or if it isn't spectrally condensed enough.
Thread 2:
	FATAL ERROR in thread=2. The solver failed during the first iterations. This may happen if the initial boundary is poorly shaped or if it isn't spectrally condensed enough.
Thread 1:
	FATAL ERROR in thread=1. The solver failed during the first iterations. This may happen if the initial boundary is poorly shaped or if it isn't spectrally condensed enough.
"
2524377,discovery,baseline,1,False,0.00429262500074401,1.2010445830001117,,,,,,,34be1ae233736a33019e2133798732dd9bf372df74e5de5d7aec581b991122b2,b1278230347437eb2b6faef1b99cf26d043fbfa0d3cecf55d30fd41638fd9a50,2465dae850eae8a246bb01df229c79b75d4113380c6ef7a9b71a16314e4726b8,"ValueError: There was an error in one or more threads during a VMEC++ run:
Thread 1:
	FATAL ERROR in thread=1. The solver failed during the first iterations. This may happen if the initial boundary is poorly shaped or if it isn't spectrally condensed enough.
Thread 3:
	FATAL ERROR in thread=3. The solver failed during the first iterations. This may happen if the initial boundary is poorly shaped or if it isn't spectrally condensed enough.
Thread 2:
	FATAL ERROR in thread=2. The solver failed during the first iterations. This may happen if the initial boundary is poorly shaped or if it isn't spectrally condensed enough.
Thread 0:
	FATAL ERROR in thread=0. The solver failed during the first iterations. This may happen if the initial boundary is poorly shaped or if it isn't spectrally condensed enough.
"
2524377,discovery,candidate,1,False,0.004560499999570311,1.1947265419985342,,,,,,,34be1ae233736a33019e2133798732dd9bf372df74e5de5d7aec581b991122b2,b1278230347437eb2b6faef1b99cf26d043fbfa0d3cecf55d30fd41638fd9a50,1a7c1c75ea349004161725842096d51274559ba63849880d707eee823cc42d67,"ValueError: There was an error in one or more threads during a VMEC++ run:
Thread 0:
	FATAL ERROR in thread=0. The solver failed during the first iterations. This may happen if the initial boundary is poorly shaped or if it isn't spectrally condensed enough.
"
1849970,held-out,baseline,2,False,0.0046624999995401595,1.208698500000537,,,,,,,e5ac20a4a61ce8cdd594c2f5460c36bc1d9520966d465db0d3b20f85681bc212,027d8b6150b6730de5b088b1157efd2f0e1e316382d5d5972af3359dabd45bfd,2465dae850eae8a246bb01df229c79b75d4113380c6ef7a9b71a16314e4726b8,"ValueError: There was an error in one or more threads during a VMEC++ run:
Thread 2:
	FATAL ERROR in thread=2. The solver failed during the first iterations. This may happen if the initial boundary is poorly shaped or if it isn't spectrally condensed enough.
Thread 0:
	FATAL ERROR in thread=0. The solver failed during the first iterations. This may happen if the initial boundary is poorly shaped or if it isn't spectrally condensed enough.
Thread 1:
	FATAL ERROR in thread=1. The solver failed during the first iterations. This may happen if the initial boundary is poorly shaped or if it isn't spectrally condensed enough.
Thread 3:
	FATAL ERROR in thread=3. The solver failed during the first iterations. This may happen if the initial boundary is poorly shaped or if it isn't spectrally condensed enough.
"
1849970,held-out,candidate,2,False,0.004470458001378574,1.2076117500000692,,,,,,,e5ac20a4a61ce8cdd594c2f5460c36bc1d9520966d465db0d3b20f85681bc212,027d8b6150b6730de5b088b1157efd2f0e1e316382d5d5972af3359dabd45bfd,1a7c1c75ea349004161725842096d51274559ba63849880d707eee823cc42d67,"ValueError: There was an error in one or more threads during a VMEC++ run:
Thread 0:
	FATAL ERROR in thread=0. The solver failed during the first iterations. This may happen if the initial boundary is poorly shaped or if it isn't spectrally condensed enough.
"
2055869,discovery,baseline,0,False,0.004775167000843794,1.2113723330003268,,,,,,,90ef6d8a4f06a2a0f5d067b98c859f5101b82cd89019012966fa9b274000ad17,1a9f93af23b91588d393f4d6d0b30364c0da41af9cfc0fb4d51997b1c82268f2,2465dae850eae8a246bb01df229c79b75d4113380c6ef7a9b71a16314e4726b8,"ValueError: There was an error in one or more threads during a VMEC++ run:
Thread 2:
	FATAL ERROR in thread=2. The solver failed during the first iterations. This may happen if the initial boundary is poorly shaped or if it isn't spectrally condensed enough.
Thread 1:
	FATAL ERROR in thread=1. The solver failed during the first iterations. This may happen if the initial boundary is poorly shaped or if it isn't spectrally condensed enough.
Thread 0:
	FATAL ERROR in thread=0. The solver failed during the first iterations. This may happen if the initial boundary is poorly shaped or if it isn't spectrally condensed enough.
Thread 3:
	FATAL ERROR in thread=3. The solver failed during the first iterations. This may happen if the initial boundary is poorly shaped or if it isn't spectrally condensed enough.
"
2055869,discovery,candidate,0,True,1.643330082999455,3.099804999999833,2527,31,9.921791632417946e-10,4.4259150074774623e-10,2.9464616297403925e-10,0.010190974943394555,90ef6d8a4f06a2a0f5d067b98c859f5101b82cd89019012966fa9b274000ad17,1a9f93af23b91588d393f4d6d0b30364c0da41af9cfc0fb4d51997b1c82268f2,1a7c1c75ea349004161725842096d51274559ba63849880d707eee823cc42d67,
1072451,held-out,baseline,1,False,0.00483945799896901,1.2505100830003357,,,,,,,717f5a2af3cd598df4cef11f237c2ce44616d9cdce81c9ee1d947e365ce33a62,48b619df4bb479ca2f91cd22cb0b72189c6e9792bda26db5adca9dbe4ca4b619,2465dae850eae8a246bb01df229c79b75d4113380c6ef7a9b71a16314e4726b8,"ValueError: There was an error in one or more threads during a VMEC++ run:
Thread 1:
	FATAL ERROR in thread=1. The solver failed during the first iterations. This may happen if the initial boundary is poorly shaped or if it isn't spectrally condensed enough.
Thread 0:
	FATAL ERROR in thread=0. The solver failed during the first iterations. This may happen if the initial boundary is poorly shaped or if it isn't spectrally condensed enough.
Thread 2:
	FATAL ERROR in thread=2. The solver failed during the first iterations. This may happen if the initial boundary is poorly shaped or if it isn't spectrally condensed enough.
Thread 3:
	FATAL ERROR in thread=3. The solver failed during the first iterations. This may happen if the initial boundary is poorly shaped or if it isn't spectrally condensed enough.
"
1072451,held-out,candidate,1,True,1.9211961250002787,3.404567124998721,2898,31,9.992585075023657e-10,9.343939631167104e-10,2.958561161310826e-11,0.0015545267832381882,717f5a2af3cd598df4cef11f237c2ce44616d9cdce81c9ee1d947e365ce33a62,48b619df4bb479ca2f91cd22cb0b72189c6e9792bda26db5adca9dbe4ca4b619,1a7c1c75ea349004161725842096d51274559ba63849880d707eee823cc42d67,
2091723,held-out,baseline,2,False,0.0045562499999505235,1.2089598329985165,,,,,,,3c6221482467005b6cfa3315640dbaeb200e6484ab4bc34bedf34ce4a951ad57,7ae8b7981eedde35b874d5795982d6e2e82d01971dfc46cc2e1d32fef45b5e78,2465dae850eae8a246bb01df229c79b75d4113380c6ef7a9b71a16314e4726b8,"ValueError: There was an error in one or more threads during a VMEC++ run:
Thread 0:
	FATAL ERROR in thread=0. The solver failed during the first iterations. This may happen if the initial boundary is poorly shaped or if it isn't spectrally condensed enough.
Thread 3:
	FATAL ERROR in thread=3. The solver failed during the first iterations. This may happen if the initial boundary is poorly shaped or if it isn't spectrally condensed enough.
Thread 1:
	FATAL ERROR in thread=1. The solver failed during the first iterations. This may happen if the initial boundary is poorly shaped or if it isn't spectrally condensed enough.
Thread 2:
	FATAL ERROR in thread=2. The solver failed during the first iterations. This may happen if the initial boundary is poorly shaped or if it isn't spectrally condensed enough.
"
2091723,held-out,candidate,2,False,0.004760084000736242,1.2084346250012459,,,,,,,3c6221482467005b6cfa3315640dbaeb200e6484ab4bc34bedf34ce4a951ad57,7ae8b7981eedde35b874d5795982d6e2e82d01971dfc46cc2e1d32fef45b5e78,1a7c1c75ea349004161725842096d51274559ba63849880d707eee823cc42d67,"ValueError: There was an error in one or more threads during a VMEC++ run:
Thread 0:
	FATAL ERROR in thread=0. The solver failed during the first iterations. This may happen if the initial boundary is poorly shaped or if it isn't spectrally condensed enough.
"
890144,held-out,candidate,1,False,0.004693958000643761,1.2147257920005359,,,,,,,b6b0ea093a0e17f368cbfdbcf8bf1bc1552b69c9cb9087b23d51c0a9a7855081,8fadeec0f696a71335f1cc3f390f66f4444c3a5a9ea4cdd20ec07fdae310bb32,1a7c1c75ea349004161725842096d51274559ba63849880d707eee823cc42d67,"ValueError: There was an error in one or more threads during a VMEC++ run:
Thread 0:
	FATAL ERROR in thread=0. The solver failed during the first iterations. This may happen if the initial boundary is poorly shaped or if it isn't spectrally condensed enough.
"
890144,held-out,baseline,1,False,0.0039404159997502575,1.20478812500005,,,,,,,b6b0ea093a0e17f368cbfdbcf8bf1bc1552b69c9cb9087b23d51c0a9a7855081,8fadeec0f696a71335f1cc3f390f66f4444c3a5a9ea4cdd20ec07fdae310bb32,2465dae850eae8a246bb01df229c79b75d4113380c6ef7a9b71a16314e4726b8,"ValueError: There was an error in one or more threads during a VMEC++ run:
Thread 3:
	FATAL ERROR in thread=3. The solver failed during the first iterations. This may happen if the initial boundary is poorly shaped or if it isn't spectrally condensed enough.
Thread 0:
	FATAL ERROR in thread=0. The solver failed during the first iterations. This may happen if the initial boundary is poorly shaped or if it isn't spectrally condensed enough.
Thread 1:
	FATAL ERROR in thread=1. The solver failed during the first iterations. This may happen if the initial boundary is poorly shaped or if it isn't spectrally condensed enough.
Thread 2:
	FATAL ERROR in thread=2. The solver failed during the first iterations. This may happen if the initial boundary is poorly shaped or if it isn't spectrally condensed enough.
"
205887,held-out,baseline,1,False,0.0041737909996300004,1.2010390830000688,,,,,,,2c5aa222520561e783d427f34c9e545f38341dfc636482bbbd733daa8b153f86,1c9fa231c750aa5ad0ff51ad5c6706bbe27e1900aa7f367b82395ea3e3129301,2465dae850eae8a246bb01df229c79b75d4113380c6ef7a9b71a16314e4726b8,"ValueError: There was an error in one or more threads during a VMEC++ run:
Thread 0:
	FATAL ERROR in thread=0. The solver failed during the first iterations. This may happen if the initial boundary is poorly shaped or if it isn't spectrally condensed enough.
Thread 1:
	FATAL ERROR in thread=1. The solver failed during the first iterations. This may happen if the initial boundary is poorly shaped or if it isn't spectrally condensed enough.
Thread 2:
	FATAL ERROR in thread=2. The solver failed during the first iterations. This may happen if the initial boundary is poorly shaped or if it isn't spectrally condensed enough.
Thread 3:
	FATAL ERROR in thread=3. The solver failed during the first iterations. This may happen if the initial boundary is poorly shaped or if it isn't spectrally condensed enough.
"
205887,held-out,candidate,1,False,0.004572499999994761,1.203334999998333,,,,,,,2c5aa222520561e783d427f34c9e545f38341dfc636482bbbd733daa8b153f86,1c9fa231c750aa5ad0ff51ad5c6706bbe27e1900aa7f367b82395ea3e3129301,1a7c1c75ea349004161725842096d51274559ba63849880d707eee823cc42d67,"ValueError: There was an error in one or more threads during a VMEC++ run:
Thread 0:
	FATAL ERROR in thread=0. The solver failed during the first iterations. This may happen if the initial boundary is poorly shaped or if it isn't spectrally condensed enough.
"
2039780,held-out,candidate,0,False,0.004613499999322812,1.2155779170007008,,,,,,,b390d4cfa334d51c112a6a73bef0c166d5d037c1899bf49202299c08f4cc98ac,69353447858c4bdc39e075f0180ce5269113a7f6d352748447a23dae26287d2d,1a7c1c75ea349004161725842096d51274559ba63849880d707eee823cc42d67,"ValueError: There was an error in one or more threads during a VMEC++ run:
Thread 0:
	FATAL ERROR in thread=0. The solver failed during the first iterations. This may happen if the initial boundary is poorly shaped or if it isn't spectrally condensed enough.
"
2039780,held-out,baseline,0,False,0.004339625000284286,1.2080682910000178,,,,,,,b390d4cfa334d51c112a6a73bef0c166d5d037c1899bf49202299c08f4cc98ac,69353447858c4bdc39e075f0180ce5269113a7f6d352748447a23dae26287d2d,2465dae850eae8a246bb01df229c79b75d4113380c6ef7a9b71a16314e4726b8,"ValueError: There was an error in one or more threads during a VMEC++ run:
Thread 3:
	FATAL ERROR in thread=3. The solver failed during the first iterations. This may happen if the initial boundary is poorly shaped or if it isn't spectrally condensed enough.
Thread 2:
	FATAL ERROR in thread=2. The solver failed during the first iterations. This may happen if the initial boundary is poorly shaped or if it isn't spectrally condensed enough.
Thread 1:
	FATAL ERROR in thread=1. The solver failed during the first iterations. This may happen if the initial boundary is poorly shaped or if it isn't spectrally condensed enough.
Thread 0:
	FATAL ERROR in thread=0. The solver failed during the first iterations. This may happen if the initial boundary is poorly shaped or if it isn't spectrally condensed enough.
"
2460189,held-out,candidate,0,True,2.1229213749993505,3.62949883300098,3204,31,9.989189560396338e-10,5.727720050863816e-10,4.940006207549428e-10,0.005198114603529957,9a6b3a31177155f1ad148774e03203609ea1305a97070ba9e503cfdb675e16fd,5b6275a98297e0e88a45c27e47aa99fafe505ccda106670fe0f14681d55cbf9e,1a7c1c75ea349004161725842096d51274559ba63849880d707eee823cc42d67,
2460189,held-out,baseline,0,False,0.004606833001162158,1.2624041670005681,,,,,,,9a6b3a31177155f1ad148774e03203609ea1305a97070ba9e503cfdb675e16fd,5b6275a98297e0e88a45c27e47aa99fafe505ccda106670fe0f14681d55cbf9e,2465dae850eae8a246bb01df229c79b75d4113380c6ef7a9b71a16314e4726b8,"ValueError: There was an error in one or more threads during a VMEC++ run:
Thread 2:
	FATAL ERROR in thread=2. The solver failed during the first iterations. This may happen if the initial boundary is poorly shaped or if it isn't spectrally condensed enough.
Thread 1:
	FATAL ERROR in thread=1. The solver failed during the first iterations. This may happen if the initial boundary is poorly shaped or if it isn't spectrally condensed enough.
Thread 0:
	FATAL ERROR in thread=0. The solver failed during the first iterations. This may happen if the initial boundary is poorly shaped or if it isn't spectrally condensed enough.
Thread 3:
	FATAL ERROR in thread=3. The solver failed during the first iterations. This may happen if the initial boundary is poorly shaped or if it isn't spectrally condensed enough.
"
136030,held-out,baseline,2,False,0.004186500000287197,1.2476584579999326,,,,,,,e967f7be1eab62c1afbabfdaa94ef422918886d824549669baa4a6e4142bc93c,e07c366a4fbf164b1b062fea399a8b798b1a3aae43077c40148ca8f6532790b6,2465dae850eae8a246bb01df229c79b75d4113380c6ef7a9b71a16314e4726b8,"ValueError: There was an error in one or more threads during a VMEC++ run:
Thread 0:
	FATAL ERROR in thread=0. The solver failed during the first iterations. This may happen if the initial boundary is poorly shaped or if it isn't spectrally condensed enough.
Thread 1:
	FATAL ERROR in thread=1. The solver failed during the first iterations. This may happen if the initial boundary is poorly shaped or if it isn't spectrally condensed enough.
Thread 2:
	FATAL ERROR in thread=2. The solver failed during the first iterations. This may happen if the initial boundary is poorly shaped or if it isn't spectrally condensed enough.
Thread 3:
	FATAL ERROR in thread=3. The solver failed during the first iterations. This may happen if the initial boundary is poorly shaped or if it isn't spectrally condensed enough.
"
136030,held-out,candidate,2,False,0.005189417001020047,1.211275999999998,,,,,,,e967f7be1eab62c1afbabfdaa94ef422918886d824549669baa4a6e4142bc93c,e07c366a4fbf164b1b062fea399a8b798b1a3aae43077c40148ca8f6532790b6,1a7c1c75ea349004161725842096d51274559ba63849880d707eee823cc42d67,"ValueError: There was an error in one or more threads during a VMEC++ run:
Thread 0:
	FATAL ERROR in thread=0. The solver failed during the first iterations. This may happen if the initial boundary is poorly shaped or if it isn't spectrally condensed enough.
"
1044881,held-out,candidate,2,True,0.9427146250000078,2.393265832999532,1292,31,9.99667351481373e-10,5.691638708134576e-10,2.393328154564473e-10,0.002307768605137409,06a4cd22ce879935e6f7f4ee47a2998f6afa8859a9e393c4b55f4a17e5df1bfb,22a52c23c6222afdd2021aae29843fe0a36343a89d00c3b1a8e54b5c5c1b4e1e,1a7c1c75ea349004161725842096d51274559ba63849880d707eee823cc42d67,
1044881,held-out,baseline,2,False,0.003938457999538514,1.2095664169992233,,,,,,,06a4cd22ce879935e6f7f4ee47a2998f6afa8859a9e393c4b55f4a17e5df1bfb,22a52c23c6222afdd2021aae29843fe0a36343a89d00c3b1a8e54b5c5c1b4e1e,2465dae850eae8a246bb01df229c79b75d4113380c6ef7a9b71a16314e4726b8,"ValueError: There was an error in one or more threads during a VMEC++ run:
Thread 1:
	FATAL ERROR in thread=1. The solver failed during the first iterations. This may happen if the initial boundary is poorly shaped or if it isn't spectrally condensed enough.
Thread 2:
	FATAL ERROR in thread=2. The solver failed during the first iterations. This may happen if the initial boundary is poorly shaped or if it isn't spectrally condensed enough.
Thread 0:
	FATAL ERROR in thread=0. The solver failed during the first iterations. This may happen if the initial boundary is poorly shaped or if it isn't spectrally condensed enough.
Thread 3:
	FATAL ERROR in thread=3. The solver failed during the first iterations. This may happen if the initial boundary is poorly shaped or if it isn't spectrally condensed enough.
"
1088047,held-out,candidate,1,False,0.004731582999738748,1.20710866599984,,,,,,,da422faaae4618d872ce9ee35de31d1c69a8a4f108193abd44b829ad1bbcf9fa,1fc6d2d9cc83832884f7454eebf381315c9bb8430efa290ded4e03e7cf227205,1a7c1c75ea349004161725842096d51274559ba63849880d707eee823cc42d67,"ValueError: There was an error in one or more threads during a VMEC++ run:
Thread 0:
	FATAL ERROR in thread=0. The solver failed during the first iterations. This may happen if the initial boundary is poorly shaped or if it isn't spectrally condensed enough.
"
1088047,held-out,baseline,1,False,0.004209666998576722,1.2047117080001044,,,,,,,da422faaae4618d872ce9ee35de31d1c69a8a4f108193abd44b829ad1bbcf9fa,1fc6d2d9cc83832884f7454eebf381315c9bb8430efa290ded4e03e7cf227205,2465dae850eae8a246bb01df229c79b75d4113380c6ef7a9b71a16314e4726b8,"ValueError: There was an error in one or more threads during a VMEC++ run:
Thread 3:
	FATAL ERROR in thread=3. The solver failed during the first iterations. This may happen if the initial boundary is poorly shaped or if it isn't spectrally condensed enough.
Thread 0:
	FATAL ERROR in thread=0. The solver failed during the first iterations. This may happen if the initial boundary is poorly shaped or if it isn't spectrally condensed enough.
Thread 2:
	FATAL ERROR in thread=2. The solver failed during the first iterations. This may happen if the initial boundary is poorly shaped or if it isn't spectrally condensed enough.
Thread 1:
	FATAL ERROR in thread=1. The solver failed during the first iterations. This may happen if the initial boundary is poorly shaped or if it isn't spectrally condensed enough.
"
831841,discovery,baseline,0,False,0.004199375000098371,1.2042327920007665,,,,,,,593f61622cb37c803e1d5fc4c16e734c2eb145be5600832c98d1c0484b82a336,4a9c5987579f591d673366baf687a25ee4e1c02be852a36430fb30fcff0c0d62,2465dae850eae8a246bb01df229c79b75d4113380c6ef7a9b71a16314e4726b8,"ValueError: There was an error in one or more threads during a VMEC++ run:
Thread 1:
	FATAL ERROR in thread=1. The solver failed during the first iterations. This may happen if the initial boundary is poorly shaped or if it isn't spectrally condensed enough.
Thread 0:
	FATAL ERROR in thread=0. The solver failed during the first iterations. This may happen if the initial boundary is poorly shaped or if it isn't spectrally condensed enough.
Thread 2:
	FATAL ERROR in thread=2. The solver failed during the first iterations. This may happen if the initial boundary is poorly shaped or if it isn't spectrally condensed enough.
Thread 3:
	FATAL ERROR in thread=3. The solver failed during the first iterations. This may happen if the initial boundary is poorly shaped or if it isn't spectrally condensed enough.
"
831841,discovery,candidate,0,False,0.005176375001610722,1.2116526669997256,,,,,,,593f61622cb37c803e1d5fc4c16e734c2eb145be5600832c98d1c0484b82a336,4a9c5987579f591d673366baf687a25ee4e1c02be852a36430fb30fcff0c0d62,1a7c1c75ea349004161725842096d51274559ba63849880d707eee823cc42d67,"ValueError: There was an error in one or more threads during a VMEC++ run:
Thread 0:
	FATAL ERROR in thread=0. The solver failed during the first iterations. This may happen if the initial boundary is poorly shaped or if it isn't spectrally condensed enough.
"
635763,held-out,candidate,1,True,1.9933189160001348,3.5258337920004124,3035,31,9.990186846274887e-10,8.66096720462378e-10,2.7181179962536683e-11,0.0012005233144128456,5a66ed16d06ba7408b163402c2fe82ba1f4be82a983d7d215de44f033d17f498,9b7ef80f80ef5d38682e3de936ba1b991f2508372a5b24f3931a33cbc382fa88,1a7c1c75ea349004161725842096d51274559ba63849880d707eee823cc42d67,
635763,held-out,baseline,1,False,0.004863208001552266,1.2022991249996267,,,,,,,5a66ed16d06ba7408b163402c2fe82ba1f4be82a983d7d215de44f033d17f498,9b7ef80f80ef5d38682e3de936ba1b991f2508372a5b24f3931a33cbc382fa88,2465dae850eae8a246bb01df229c79b75d4113380c6ef7a9b71a16314e4726b8,"ValueError: There was an error in one or more threads during a VMEC++ run:
Thread 3:
	FATAL ERROR in thread=3. The solver failed during the first iterations. This may happen if the initial boundary is poorly shaped or if it isn't spectrally condensed enough.
Thread 0:
	FATAL ERROR in thread=0. The solver failed during the first iterations. This may happen if the initial boundary is poorly shaped or if it isn't spectrally condensed enough.
Thread 2:
	FATAL ERROR in thread=2. The solver failed during the first iterations. This may happen if the initial boundary is poorly shaped or if it isn't spectrally condensed enough.
Thread 1:
	FATAL ERROR in thread=1. The solver failed during the first iterations. This may happen if the initial boundary is poorly shaped or if it isn't spectrally condensed enough.
"
1044881,held-out,candidate,0,True,0.8693110829990474,2.3321436250007537,1292,31,9.996673312623558e-10,5.69163861234422e-10,2.39332815845335e-10,0.0023077686053544033,06a4cd22ce879935e6f7f4ee47a2998f6afa8859a9e393c4b55f4a17e5df1bfb,22a52c23c6222afdd2021aae29843fe0a36343a89d00c3b1a8e54b5c5c1b4e1e,1a7c1c75ea349004161725842096d51274559ba63849880d707eee823cc42d67,
1044881,held-out,baseline,0,False,0.004110416999537847,1.2062091670013615,,,,,,,06a4cd22ce879935e6f7f4ee47a2998f6afa8859a9e393c4b55f4a17e5df1bfb,22a52c23c6222afdd2021aae29843fe0a36343a89d00c3b1a8e54b5c5c1b4e1e,2465dae850eae8a246bb01df229c79b75d4113380c6ef7a9b71a16314e4726b8,"ValueError: There was an error in one or more threads during a VMEC++ run:
Thread 3:
	FATAL ERROR in thread=3. The solver failed during the first iterations. This may happen if the initial boundary is poorly shaped or if it isn't spectrally condensed enough.
Thread 0:
	FATAL ERROR in thread=0. The solver failed during the first iterations. This may happen if the initial boundary is poorly shaped or if it isn't spectrally condensed enough.
Thread 1:
	FATAL ERROR in thread=1. The solver failed during the first iterations. This may happen if the initial boundary is poorly shaped or if it isn't spectrally condensed enough.
Thread 2:
	FATAL ERROR in thread=2. The solver failed during the first iterations. This may happen if the initial boundary is poorly shaped or if it isn't spectrally condensed enough.
"
1072451,held-out,baseline,2,False,0.004838417000428308,1.2100713750005525,,,,,,,717f5a2af3cd598df4cef11f237c2ce44616d9cdce81c9ee1d947e365ce33a62,48b619df4bb479ca2f91cd22cb0b72189c6e9792bda26db5adca9dbe4ca4b619,2465dae850eae8a246bb01df229c79b75d4113380c6ef7a9b71a16314e4726b8,"ValueError: There was an error in one or more threads during a VMEC++ run:
Thread 1:
	FATAL ERROR in thread=1. The solver failed during the first iterations. This may happen if the initial boundary is poorly shaped or if it isn't spectrally condensed enough.
Thread 3:
	FATAL ERROR in thread=3. The solver failed during the first iterations. This may happen if the initial boundary is poorly shaped or if it isn't spectrally condensed enough.
Thread 0:
	FATAL ERROR in thread=0. The solver failed during the first iterations. This may happen if the initial boundary is poorly shaped or if it isn't spectrally condensed enough.
Thread 2:
	FATAL ERROR in thread=2. The solver failed during the first iterations. This may happen if the initial boundary is poorly shaped or if it isn't spectrally condensed enough.
"
1072451,held-out,candidate,2,True,1.912820625000677,3.4574542499995005,2898,31,9.992586502664927e-10,9.343940184370952e-10,2.958561176110983e-11,0.0015545267828405854,717f5a2af3cd598df4cef11f237c2ce44616d9cdce81c9ee1d947e365ce33a62,48b619df4bb479ca2f91cd22cb0b72189c6e9792bda26db5adca9dbe4ca4b619,1a7c1c75ea349004161725842096d51274559ba63849880d707eee823cc42d67,
929630,held-out,candidate,1,False,0.005009458000131417,1.358257040999888,,,,,,,3bbe472ebddef2c2332263c755818d24cc6d0f84af2680fc8c892e87dd53fb09,ce9e70a278cff6b6eb32ed3821158a813ca5f47d713a7752515aee7109a37481,1a7c1c75ea349004161725842096d51274559ba63849880d707eee823cc42d67,"ValueError: There was an error in one or more threads during a VMEC++ run:
Thread 0:
	FATAL ERROR in thread=0. The solver failed during the first iterations. This may happen if the initial boundary is poorly shaped or if it isn't spectrally condensed enough.
"
929630,held-out,baseline,1,False,0.004697041998952045,1.3190035829993576,,,,,,,3bbe472ebddef2c2332263c755818d24cc6d0f84af2680fc8c892e87dd53fb09,ce9e70a278cff6b6eb32ed3821158a813ca5f47d713a7752515aee7109a37481,2465dae850eae8a246bb01df229c79b75d4113380c6ef7a9b71a16314e4726b8,"ValueError: There was an error in one or more threads during a VMEC++ run:
Thread 0:
	FATAL ERROR in thread=0. The solver failed during the first iterations. This may happen if the initial boundary is poorly shaped or if it isn't spectrally condensed enough.
Thread 1:
	FATAL ERROR in thread=1. The solver failed during the first iterations. This may happen if the initial boundary is poorly shaped or if it isn't spectrally condensed enough.
Thread 2:
	FATAL ERROR in thread=2. The solver failed during the first iterations. This may happen if the initial boundary is poorly shaped or if it isn't spectrally condensed enough.
Thread 3:
	FATAL ERROR in thread=3. The solver failed during the first iterations. This may happen if the initial boundary is poorly shaped or if it isn't spectrally condensed enough.
"
2093639,held-out,baseline,0,False,0.005000666998967063,1.2060025829996448,,,,,,,9c50ea8e536ca41e9481f39bacadaea9d6f3ff3875857806e638e057985e4ce6,40482898d9ad1ef16e8aa69c3e449e544a8bdabde93d6d14f81b4bc627953b9d,2465dae850eae8a246bb01df229c79b75d4113380c6ef7a9b71a16314e4726b8,"ValueError: There was an error in one or more threads during a VMEC++ run:
Thread 2:
	FATAL ERROR in thread=2. The solver failed during the first iterations. This may happen if the initial boundary is poorly shaped or if it isn't spectrally condensed enough.
Thread 3:
	FATAL ERROR in thread=3. The solver failed during the first iterations. This may happen if the initial boundary is poorly shaped or if it isn't spectrally condensed enough.
Thread 0:
	FATAL ERROR in thread=0. The solver failed during the first iterations. This may happen if the initial boundary is poorly shaped or if it isn't spectrally condensed enough.
Thread 1:
	FATAL ERROR in thread=1. The solver failed during the first iterations. This may happen if the initial boundary is poorly shaped or if it isn't spectrally condensed enough.
"
2093639,held-out,candidate,0,False,0.004581916999086388,1.2047141249986453,,,,,,,9c50ea8e536ca41e9481f39bacadaea9d6f3ff3875857806e638e057985e4ce6,40482898d9ad1ef16e8aa69c3e449e544a8bdabde93d6d14f81b4bc627953b9d,1a7c1c75ea349004161725842096d51274559ba63849880d707eee823cc42d67,"ValueError: There was an error in one or more threads during a VMEC++ run:
Thread 0:
	FATAL ERROR in thread=0. The solver failed during the first iterations. This may happen if the initial boundary is poorly shaped or if it isn't spectrally condensed enough.
"
2010788,held-out,baseline,0,False,0.004303249999793479,1.1634381659987412,,,,,,,aba4cdc6d3b6889c953eba28e8404a493cb6648862f20ca1e8d64be205b804f1,d4b0b1e7d369562e1f6095d2669509b47993c99b22c7fae88a93b06dbca6b8db,2465dae850eae8a246bb01df229c79b75d4113380c6ef7a9b71a16314e4726b8,"ValueError: There was an error in one or more threads during a VMEC++ run:
Thread 2:
	FATAL ERROR in thread=2. The solver failed during the first iterations. This may happen if the initial boundary is poorly shaped or if it isn't spectrally condensed enough.
Thread 3:
	FATAL ERROR in thread=3. The solver failed during the first iterations. This may happen if the initial boundary is poorly shaped or if it isn't spectrally condensed enough.
Thread 1:
	FATAL ERROR in thread=1. The solver failed during the first iterations. This may happen if the initial boundary is poorly shaped or if it isn't spectrally condensed enough.
Thread 0:
	FATAL ERROR in thread=0. The solver failed during the first iterations. This may happen if the initial boundary is poorly shaped or if it isn't spectrally condensed enough.
"
2010788,held-out,candidate,0,False,0.004804291000255034,1.2137537079997855,,,,,,,aba4cdc6d3b6889c953eba28e8404a493cb6648862f20ca1e8d64be205b804f1,d4b0b1e7d369562e1f6095d2669509b47993c99b22c7fae88a93b06dbca6b8db,1a7c1c75ea349004161725842096d51274559ba63849880d707eee823cc42d67,"ValueError: There was an error in one or more threads during a VMEC++ run:
Thread 0:
	FATAL ERROR in thread=0. The solver failed during the first iterations. This may happen if the initial boundary is poorly shaped or if it isn't spectrally condensed enough.
"
259490,discovery,baseline,0,False,0.005135166000400204,1.1978974579997157,,,,,,,0a03e3d837bce27c08a1ee645ec6735c1995bc42451826ad085a8b63ee89d583,baf85309fcfb5d2c4fcedce09fb931b3a0836e626d00923798cda388e4bf8e46,2465dae850eae8a246bb01df229c79b75d4113380c6ef7a9b71a16314e4726b8,"ValueError: There was an error in one or more threads during a VMEC++ run:
Thread 3:
	FATAL ERROR in thread=3. The solver failed during the first iterations. This may happen if the initial boundary is poorly shaped or if it isn't spectrally condensed enough.
Thread 1:
	FATAL ERROR in thread=1. The solver failed during the first iterations. This may happen if the initial boundary is poorly shaped or if it isn't spectrally condensed enough.
Thread 0:
	FATAL ERROR in thread=0. The solver failed during the first iterations. This may happen if the initial boundary is poorly shaped or if it isn't spectrally condensed enough.
Thread 2:
	FATAL ERROR in thread=2. The solver failed during the first iterations. This may happen if the initial boundary is poorly shaped or if it isn't spectrally condensed enough.
"
259490,discovery,candidate,0,True,1.1281697920003353,2.608476374998645,1708,31,9.151126213395521e-10,9.476866303694992e-10,1.6769896075322183e-11,0.001008285623095669,0a03e3d837bce27c08a1ee645ec6735c1995bc42451826ad085a8b63ee89d583,baf85309fcfb5d2c4fcedce09fb931b3a0836e626d00923798cda388e4bf8e46,1a7c1c75ea349004161725842096d51274559ba63849880d707eee823cc42d67,
25455,held-out,candidate,1,True,1.0715166669997416,2.597803082999235,1661,31,9.455472278419552e-10,4.4379378009215444e-10,1.6760129596857558e-10,0.002390758470798171,4b4d216c5b3c42c2746023d7f57531c15647647ebb5f1dc55755b156af2c7e9f,82db5b5bcbafcec48909f328c7a9bee5482205da3f538931a0b45e38c5a6234b,1a7c1c75ea349004161725842096d51274559ba63849880d707eee823cc42d67,
25455,held-out,baseline,1,False,0.004538166998827364,1.216743957998915,,,,,,,4b4d216c5b3c42c2746023d7f57531c15647647ebb5f1dc55755b156af2c7e9f,82db5b5bcbafcec48909f328c7a9bee5482205da3f538931a0b45e38c5a6234b,2465dae850eae8a246bb01df229c79b75d4113380c6ef7a9b71a16314e4726b8,"ValueError: There was an error in one or more threads during a VMEC++ run:
Thread 2:
	FATAL ERROR in thread=2. The solver failed during the first iterations. This may happen if the initial boundary is poorly shaped or if it isn't spectrally condensed enough.
Thread 3:
	FATAL ERROR in thread=3. The solver failed during the first iterations. This may happen if the initial boundary is poorly shaped or if it isn't spectrally condensed enough.
Thread 1:
	FATAL ERROR in thread=1. The solver failed during the first iterations. This may happen if the initial boundary is poorly shaped or if it isn't spectrally condensed enough.
Thread 0:
	FATAL ERROR in thread=0. The solver failed during the first iterations. This may happen if the initial boundary is poorly shaped or if it isn't spectrally condensed enough.
"
221118,held-out,candidate,0,False,0.004756209000333911,1.2558980000012525,,,,,,,3f369341a8b8f3b7d6bbabbd72879f706b04196644843879bc978f739a32f0b4,7a74d5ab22f21c5ba22652995b6d6c8bc0d6ec1fde40c1a05f705e9e3979870a,1a7c1c75ea349004161725842096d51274559ba63849880d707eee823cc42d67,"ValueError: There was an error in one or more threads during a VMEC++ run:
Thread 0:
	FATAL ERROR in thread=0. The solver failed during the first iterations. This may happen if the initial boundary is poorly shaped or if it isn't spectrally condensed enough.
"
221118,held-out,baseline,0,False,0.0048315830008505145,1.2027312499994878,,,,,,,3f369341a8b8f3b7d6bbabbd72879f706b04196644843879bc978f739a32f0b4,7a74d5ab22f21c5ba22652995b6d6c8bc0d6ec1fde40c1a05f705e9e3979870a,2465dae850eae8a246bb01df229c79b75d4113380c6ef7a9b71a16314e4726b8,"ValueError: There was an error in one or more threads during a VMEC++ run:
Thread 3:
	FATAL ERROR in thread=3. The solver failed during the first iterations. This may happen if the initial boundary is poorly shaped or if it isn't spectrally condensed enough.
Thread 1:
	FATAL ERROR in thread=1. The solver failed during the first iterations. This may happen if the initial boundary is poorly shaped or if it isn't spectrally condensed enough.
Thread 2:
	FATAL ERROR in thread=2. The solver failed during the first iterations. This may happen if the initial boundary is poorly shaped or if it isn't spectrally condensed enough.
Thread 0:
	FATAL ERROR in thread=0. The solver failed during the first iterations. This may happen if the initial boundary is poorly shaped or if it isn't spectrally condensed enough.
"
220705,held-out,baseline,1,False,0.00444200000129058,1.2035983330006275,,,,,,,c04dc5010085ddd49b27372d3f6c964b470991adc9fc05eba7657ceaa091cc9e,682df94d35748d9128728284c2a587c3020e82b9528c19dff28cc266a9f1c0a2,2465dae850eae8a246bb01df229c79b75d4113380c6ef7a9b71a16314e4726b8,"ValueError: There was an error in one or more threads during a VMEC++ run:
Thread 3:
	FATAL ERROR in thread=3. The solver failed during the first iterations. This may happen if the initial boundary is poorly shaped or if it isn't spectrally condensed enough.
Thread 1:
	FATAL ERROR in thread=1. The solver failed during the first iterations. This may happen if the initial boundary is poorly shaped or if it isn't spectrally condensed enough.
Thread 2:
	FATAL ERROR in thread=2. The solver failed during the first iterations. This may happen if the initial boundary is poorly shaped or if it isn't spectrally condensed enough.
Thread 0:
	FATAL ERROR in thread=0. The solver failed during the first iterations. This may happen if the initial boundary is poorly shaped or if it isn't spectrally condensed enough.
"
220705,held-out,candidate,1,True,1.6529429579986754,3.1770025829991937,2730,31,9.932982190086464e-10,2.7890082913649775e-10,2.2532902612267348e-11,0.0015773181795788248,c04dc5010085ddd49b27372d3f6c964b470991adc9fc05eba7657ceaa091cc9e,682df94d35748d9128728284c2a587c3020e82b9528c19dff28cc266a9f1c0a2,1a7c1c75ea349004161725842096d51274559ba63849880d707eee823cc42d67,
2091723,held-out,baseline,0,False,0.004304374999264837,1.2090059999991354,,,,,,,3c6221482467005b6cfa3315640dbaeb200e6484ab4bc34bedf34ce4a951ad57,7ae8b7981eedde35b874d5795982d6e2e82d01971dfc46cc2e1d32fef45b5e78,2465dae850eae8a246bb01df229c79b75d4113380c6ef7a9b71a16314e4726b8,"ValueError: There was an error in one or more threads during a VMEC++ run:
Thread 1:
	FATAL ERROR in thread=1. The solver failed during the first iterations. This may happen if the initial boundary is poorly shaped or if it isn't spectrally condensed enough.
Thread 3:
	FATAL ERROR in thread=3. The solver failed during the first iterations. This may happen if the initial boundary is poorly shaped or if it isn't spectrally condensed enough.
Thread 2:
	FATAL ERROR in thread=2. The solver failed during the first iterations. This may happen if the initial boundary is poorly shaped or if it isn't spectrally condensed enough.
Thread 0:
	FATAL ERROR in thread=0. The solver failed during the first iterations. This may happen if the initial boundary is poorly shaped or if it isn't spectrally condensed enough.
"
2091723,held-out,candidate,0,False,0.004547083999568713,1.2609432499994,,,,,,,3c6221482467005b6cfa3315640dbaeb200e6484ab4bc34bedf34ce4a951ad57,7ae8b7981eedde35b874d5795982d6e2e82d01971dfc46cc2e1d32fef45b5e78,1a7c1c75ea349004161725842096d51274559ba63849880d707eee823cc42d67,"ValueError: There was an error in one or more threads during a VMEC++ run:
Thread 0:
	FATAL ERROR in thread=0. The solver failed during the first iterations. This may happen if the initial boundary is poorly shaped or if it isn't spectrally condensed enough.
"
819919,held-out,baseline,1,False,0.00473045800026739,1.201015708000341,,,,,,,5298213838eb79de8a1f59dd496e2ba6c437573044036aacc612c88a817e1d41,efe1c746527b96b2a953f2653b0ca9cdb814ac5c9b918d5895cb8f7fe4743c04,2465dae850eae8a246bb01df229c79b75d4113380c6ef7a9b71a16314e4726b8,"ValueError: There was an error in one or more threads during a VMEC++ run:
Thread 1:
	FATAL ERROR in thread=1. The solver failed during the first iterations. This may happen if the initial boundary is poorly shaped or if it isn't spectrally condensed enough.
Thread 2:
	FATAL ERROR in thread=2. The solver failed during the first iterations. This may happen if the initial boundary is poorly shaped or if it isn't spectrally condensed enough.
Thread 3:
	FATAL ERROR in thread=3. The solver failed during the first iterations. This may happen if the initial boundary is poorly shaped or if it isn't spectrally condensed enough.
Thread 0:
	FATAL ERROR in thread=0. The solver failed during the first iterations. This may happen if the initial boundary is poorly shaped or if it isn't spectrally condensed enough.
"
819919,held-out,candidate,1,False,0.006278916000155732,1.1947605000004842,,,,,,,5298213838eb79de8a1f59dd496e2ba6c437573044036aacc612c88a817e1d41,efe1c746527b96b2a953f2653b0ca9cdb814ac5c9b918d5895cb8f7fe4743c04,1a7c1c75ea349004161725842096d51274559ba63849880d707eee823cc42d67,"ValueError: There was an error in one or more threads during a VMEC++ run:
Thread 0:
	FATAL ERROR in thread=0. The solver failed during the first iterations. This may happen if the initial boundary is poorly shaped or if it isn't spectrally condensed enough.
"
916448,held-out,baseline,1,False,0.0048023750005086185,1.2099932090004586,,,,,,,df5563f2249d9a7f2b8249b4e5918fac6bf4fcd8d6f91a4a9d422d8ad26087a8,9acd3e0ef4ceacc564417158240470b1f127d0c4275d1045afc787d378f7b768,2465dae850eae8a246bb01df229c79b75d4113380c6ef7a9b71a16314e4726b8,"ValueError: There was an error in one or more threads during a VMEC++ run:
Thread 2:
	FATAL ERROR in thread=2. The solver failed during the first iterations. This may happen if the initial boundary is poorly shaped or if it isn't spectrally condensed enough.
Thread 1:
	FATAL ERROR in thread=1. The solver failed during the first iterations. This may happen if the initial boundary is poorly shaped or if it isn't spectrally condensed enough.
Thread 3:
	FATAL ERROR in thread=3. The solver failed during the first iterations. This may happen if the initial boundary is poorly shaped or if it isn't spectrally condensed enough.
Thread 0:
	FATAL ERROR in thread=0. The solver failed during the first iterations. This may happen if the initial boundary is poorly shaped or if it isn't spectrally condensed enough.
"
916448,held-out,candidate,1,False,0.1231071250003879,1.3733490829999937,,,,,,,df5563f2249d9a7f2b8249b4e5918fac6bf4fcd8d6f91a4a9d422d8ad26087a8,9acd3e0ef4ceacc564417158240470b1f127d0c4275d1045afc787d378f7b768,1a7c1c75ea349004161725842096d51274559ba63849880d707eee823cc42d67,"ValueError: FATAL ERROR in SolveEquilibrium: JACOBIAN_75_TIMES_BAD The jacobian factor of the geometry repeatedly became negative, indicating that flux surfaces become self-intersecting. This can mean that your prescribed boundary is too shaped for VMEC to resolve
VmecINDATA had these contents:
{""ac"":[1.0,-1.0],""ac_aux_f"":[],""ac_aux_s"":[],""ai"":[],""ai_aux_f"":[],""ai_aux_s"":[],""am"":[1.0,-1.0],""am_aux_f"":[],""am_aux_s"":[],""aphi"":[1.0],""bloat"":1.0,""curtor"":0.0,""delt"":1.0,""extcur"":[-840271.3175582152],""free_boundary_method"":""nestor"",""ftol_array"":[1e-09,1e-09,1e-09],""gamma"":0.0,""iteration_style"":""vmec_8_52"",""lasym"":false,""lforbal"":false,""lfreeb"":true,""mgrid_file"":""NONE"",""mpol"":6,""mpol_geometry"":-1,""ncurr"":1,""nfp"":3,""niter_array"":[4000,4000,4000],""ns_array"":[8,16,31],""nstep"":200,""ntheta"":0,""ntor"":6,""ntor_geometry"":-1,""nvacskip"":6,""nzeta"":24,""pcurr_type"":""power_series"",""phiedge"":0.031173814338184988,""piota_type"":""power_series"",""pmass_type"":""power_series"",""pres_scale"":0.0,""raxis_c"":[1.0279688647627707,0.0,0.0,0.0,0.0,0.0,0.0],""rbc"":[{""m"":0,""n"":0,""value"":1.0279688647627707},{""m"":0,""n"":1,""value"":0.03148080449875809},{""m"":0,""n"":2,""value"":0.0008407610950400134},{""m"":0,""n"":3,""value"":3.3184178486408744e-05},{""m"":0,""n"":4,""value"":4.8806805878763935e-05},{""m"":0,""n"":5,""value"":1.2884442924092712e-07},{""m"":0,""n"":6,""value"":-6.851192919654278e-07},{""m"":1,""n"":-6,""value"":-3.882750279995283e-07},{""m"":1,""n"":-5,""value"":-1.9463751733102514e-06},{""m"":1,""n"":-4,""value"":-5.261438957466139e-06},{""m"":1,""n"":-3,""value"":0.00010365720480559665},{""m"":1,""n"":-2,""value"":-0.00027660791732053605},{""m"":1,""n"":-1,""value"":-0.0009069734231816544},{""m"":1,""n"":0,""value"":-0.103844495656083},{""m"":1,""n"":1,""value"":0.025273566230200686},{""m"":1,""n"":2,""value"":0.0001322782341499259},{""m"":1,""n"":3,""value"":-0.0002595268080817096},{""m"":1,""n"":4,""value"":-5.726650559718659e-05},{""m"":1,""n"":5,""value"":-3.2638570601932098e-06},{""m"":1,""n"":6,""value"":-1.2156168942640821e-06},{""m"":2,""n"":-6,""value"":6.576637914148568e-09},{""m"":2,""n"":-5,""value"":-7.737474209508385e-07},{""m"":2,""n"":-4,""value"":4.570185324931659e-06},{""m"":2,""n"":-3,""value"":4.7118374019509617e-05},{""m"":2,""n"":-2,""value"":-0.00026169631148875917},{""m"":2,""n"":-1,""value"":-0.0009272615277978448},{""m"":2,""n"":0,""value"":-0.02156323541099451},{""m"":2,""n"":1,""value"":0.016560279756639647},{""m"":2,""n"":2,""value"":0.0011847449463577998},{""m"":2,""n"":3,""value"":-0.00019026845840029177},{""m"":2,""n"":4,""value"":-3.720169702921421e-05},{""m"":2,""n"":5,""value"":-4.883868114970978e-06},{""m"":2,""n"":6,""value"":-4.9114708001184e-07},{""m"":3,""n"":-6,""value"":3.4228281721866995e-08},{""m"":3,""n"":-5,""value"":-3.195309879153459e-07},{""m"":3,""n"":-4,""value"":3.983586342937254e-07},{""m"":3,""n"":-3,""value"":1.7435560234126012e-05},{""m"":3,""n"":-2,""value"":-2.0327924710596456e-05},{""m"":3,""n"":-1,""value"":0.0004141717972956438},{""m"":3,""n"":0,""value"":-0.005662510840269214},{""m"":3,""n"":1,""value"":0.00883460828441955},{""m"":3,""n"":2,""value"":0.0012403888145047996},{""m"":3,""n"":3,""value"":-4.595639077242569e-05},{""m"":3,""n"":4,""value"":-2.9870860195385045e-05},{""m"":3,""n"":5,""value"":-4.9541533235351835e-06},{""m"":3,""n"":6,""value"":-4.569283202191983e-07},{""m"":4,""n"":-6,""value"":1.3750793973764682e-08},{""m"":4,""n"":-5,""value"":-1.2351318348317314e-07},{""m"":4,""n"":-4,""value"":-5.162554388745356e-09},{""m"":4,""n"":-3,""value"":9.597327466365913e-06},{""m"":4,""n"":-2,""value"":4.703327248398725e-05},{""m"":4,""n"":-1,""value"":0.00041434605579654724},{""m"":4,""n"":0,""value"":-0.0017501422483544896},{""m"":4,""n"":1,""value"":0.004153411954812245},{""m"":4,""n"":2,""value"":0.0009867360460666325},{""m"":4,""n"":3,""value"":4.1621868232139836e-05},{""m"":4,""n"":4,""value"":-2.006714214907473e-05},{""m"":4,""n"":5,""value"":-4.386175418748512e-06},{""m"":4,""n"":6,""value"":-4.638578678005959e-07},{""m"":5,""n"":-6,""value"":-1.8475255339734976e-08},{""m"":5,""n"":-5,""value"":-6.175413215489571e-09},{""m"":5,""n"":-4,""value"":2.7653775837724876e-07},{""m"":5,""n"":-3,""value"":5.164815116087939e-06},{""m"":5,""n"":-2,""value"":3.2380715071295584e-05},{""m"":5,""n"":-1,""value"":0.00019946021550834144},{""m"":5,""n"":0,""value"":-0.0005314328328675262},{""m"":5,""n"":1,""value"":0.0017807158264327913},{""m"":5,""n"":2,""value"":0.0006948830644870133},{""m"":5,""n"":3,""value"":7.336771749057526e-05},{""m"":5,""n"":4,""value"":-1.1226408670488765e-05},{""m"":5,""n"":5,""value"":-3.6344188364172523e-06},{""m"":5,""n"":6,""value"":-4.513699583774949e-07}],""return_outputs_even_if_not_converged"":false,""spres_ped"":1.0,""tcon0"":1.0,""zaxis_s"":[0.0,0.0,0.0,0.0,0.0,0.0,0.0],""zbs"":[{""m"":0,""n"":1,""value"":0.026765111769038605},{""m"":0,""n"":2,""value"":0.0008315068887000394},{""m"":0,""n"":3,""value"":0.00015479450542843013},{""m"":0,""n"":4,""value"":1.0368932042066113e-05},{""m"":0,""n"":5,""value"":7.131226623705379e-06},{""m"":0,""n"":6,""value"":-5.741584425098759e-07},{""m"":1,""n"":-6,""value"":7.950190469005049e-07},{""m"":1,""n"":-5,""value"":4.0097324822245914e-06},{""m"":1,""n"":-4,""value"":1.2089315396794848e-05},{""m"":1,""n"":-3,""value"":0.00016732494907782403},{""m"":1,""n"":-2,""value"":0.0005346582951876217},{""m"":1,""n"":-1,""value"":0.004471031738687485},{""m"":1,""n"":0,""value"":0.09335189350579715},{""m"":1,""n"":1,""value"":0.02372273755758077},{""m"":1,""n"":2,""value"":0.0015021919298381448},{""m"":1,""n"":3,""value"":-0.0001524324558519501},{""m"":1,""n"":4,""value"":5.979602986027114e-06},{""m"":1,""n"":5,""value"":-2.6580978389664566e-07},{""m"":1,""n"":6,""value"":6.739077855459157e-08},{""m"":2,""n"":-6,""value"":3.072032758495404e-07},{""m"":2,""n"":-5,""value"":9.967186353526421e-07},{""m"":2,""n"":-4,""value"":-5.762335468455787e-06},{""m"":2,""n"":-3,""value"":4.112220005899374e-05},{""m"":2,""n"":-2,""value"":0.00026821816994306713},{""m"":2,""n"":-1,""value"":0.004558450194979099},{""m"":2,""n"":0,""value"":0.037305507470222266},{""m"":2,""n"":1,""value"":0.01646686526924986},{""m"":2,""n"":2,""value"":0.00199532929439364},{""m"":2,""n"":3,""value"":-0.00012789673879923455},{""m"":2,""n"":4,""value"":-3.903098110049866e-06},{""m"":2,""n"":5,""value"":-1.0163022974720003e-06},{""m"":2,""n"":6,""value"":1.0253734057866774e-07},{""m"":3,""n"":-6,""value"":8.300192191680031e-08},{""m"":3,""n"":-5,""value"":-1.1059531494922754e-07},{""m"":3,""n"":-4,""value"":-4.522065884550117e-06},{""m"":3,""n"":-3,""value"":1.3056942346844593e-05},{""m"":3,""n"":-2,""value"":0.0001142840971416227},{""m"":3,""n"":-1,""value"":0.0015551568994369776},{""m"":3,""n"":0,""value"":0.010229375465787465},{""m"":3,""n"":1,""value"":0.009103322319246362},{""m"":3,""n"":2,""value"":0.0014784133170197976},{""m"":3,""n"":3,""value"":-6.002476149421074e-05},{""m"":3,""n"":4,""value"":-1.3719575905402294e-05},{""m"":3,""n"":5,""value"":-1.0069541364019274e-06},{""m"":3,""n"":6,""value"":7.176155421066938e-08},{""m"":4,""n"":-6,""value"":1.6109728283951807e-08},{""m"":4,""n"":-5,""value"":-1.922263467720711e-07},{""m"":4,""n"":-4,""value"":-1.7992525534098155e-06},{""m"":4,""n"":-3,""value"":3.1392950891077973e-06},{""m"":4,""n"":-2,""value"":2.6276456014058268e-05},{""m"":4,""n"":-1,""value"":0.0003787455413963187},{""m"":4,""n"":0,""value"":0.002663744005906838},{""m"":4,""n"":1,""value"":0.004616521713629961},{""m"":4,""n"":2,""value"":0.0009914397057790216},{""m"":4,""n"":3,""value"":-3.799841418179111e-06},{""m"":4,""n"":4,""value"":-1.571585733508477e-05},{""m"":4,""n"":5,""value"":-9.045435359047278e-07},{""m"":4,""n"":6,""value"":8.22644968443328e-08},{""m"":5,""n"":-6,""value"":2.4997776793342706e-08},{""m"":5,""n"":-5,""value"":-8.365282588850366e-08},{""m"":5,""n"":-4,""value"":-6.98050672178144e-07},{""m"":5,""n"":-3,""value"":-4.877390090521103e-07},{""m"":5,""n"":-2,""value"":3.43248319295452e-06},{""m"":5,""n"":-1,""value"":8.056723192131735e-05},{""m"":5,""n"":0,""value"":0.0007089382157392376},{""m"":5,""n"":1,""value"":0.002265837573914161},{""m"":5,""n"":2,""value"":0.0006433059615047292},{""m"":5,""n"":3,""value"":2.5280736464344405e-05},{""m"":5,""n"":4,""value"":-1.2821241543573845e-05},{""m"":5,""n"":5,""value"":-1.0067167902744577e-06},{""m"":5,""n"":6,""value"":8.396179855212355e-08}]}"
17263,held-out,baseline,1,False,0.00521008300165704,1.2641974160014797,,,,,,,87ce4f430bc5e11f5b76126ba54eaaef498328d91b526b30bf40920ac8713959,92747e767cc779f6af5c11b9b2c4a630782e109121f0f6b1a64bb3ed7dc53d11,2465dae850eae8a246bb01df229c79b75d4113380c6ef7a9b71a16314e4726b8,"ValueError: There was an error in one or more threads during a VMEC++ run:
Thread 3:
	FATAL ERROR in thread=3. The solver failed during the first iterations. This may happen if the initial boundary is poorly shaped or if it isn't spectrally condensed enough.
Thread 1:
	FATAL ERROR in thread=1. The solver failed during the first iterations. This may happen if the initial boundary is poorly shaped or if it isn't spectrally condensed enough.
Thread 2:
	FATAL ERROR in thread=2. The solver failed during the first iterations. This may happen if the initial boundary is poorly shaped or if it isn't spectrally condensed enough.
Thread 0:
	FATAL ERROR in thread=0. The solver failed during the first iterations. This may happen if the initial boundary is poorly shaped or if it isn't spectrally condensed enough.
"
17263,held-out,candidate,1,False,0.006192541999553214,1.352628041000571,,,,,,,87ce4f430bc5e11f5b76126ba54eaaef498328d91b526b30bf40920ac8713959,92747e767cc779f6af5c11b9b2c4a630782e109121f0f6b1a64bb3ed7dc53d11,1a7c1c75ea349004161725842096d51274559ba63849880d707eee823cc42d67,"ValueError: There was an error in one or more threads during a VMEC++ run:
Thread 0:
	FATAL ERROR in thread=0. The solver failed during the first iterations. This may happen if the initial boundary is poorly shaped or if it isn't spectrally condensed enough.
"
919739,held-out,candidate,1,False,0.007261916000061319,1.2021698749995267,,,,,,,f15c64ad21410aa6a758145c442ec2568130e80ed4f8fd2f24477dee2ee5b5ef,73688fa6f76d32b36501034a5f606352766664a523a0242ccb20fe7e09134670,1a7c1c75ea349004161725842096d51274559ba63849880d707eee823cc42d67,"ValueError: There was an error in one or more threads during a VMEC++ run:
Thread 0:
	FATAL ERROR in thread=0. The solver failed during the first iterations. This may happen if the initial boundary is poorly shaped or if it isn't spectrally condensed enough.
"
919739,held-out,baseline,1,False,0.0041005829989444464,1.2030057499996474,,,,,,,f15c64ad21410aa6a758145c442ec2568130e80ed4f8fd2f24477dee2ee5b5ef,73688fa6f76d32b36501034a5f606352766664a523a0242ccb20fe7e09134670,2465dae850eae8a246bb01df229c79b75d4113380c6ef7a9b71a16314e4726b8,"ValueError: There was an error in one or more threads during a VMEC++ run:
Thread 3:
	FATAL ERROR in thread=3. The solver failed during the first iterations. This may happen if the initial boundary is poorly shaped or if it isn't spectrally condensed enough.
Thread 1:
	FATAL ERROR in thread=1. The solver failed during the first iterations. This may happen if the initial boundary is poorly shaped or if it isn't spectrally condensed enough.
Thread 2:
	FATAL ERROR in thread=2. The solver failed during the first iterations. This may happen if the initial boundary is poorly shaped or if it isn't spectrally condensed enough.
Thread 0:
	FATAL ERROR in thread=0. The solver failed during the first iterations. This may happen if the initial boundary is poorly shaped or if it isn't spectrally condensed enough.
"
2049308,held-out,candidate,1,False,0.004939291000482626,1.2677427500002523,,,,,,,6accc6160ba19c6a418856e683f365da2694fca5ca59f598e3938bf4fc4ef94b,dd22d878a87d96583398ae607b33882f5f15586877eeb3b9d553fe9b60f0975c,1a7c1c75ea349004161725842096d51274559ba63849880d707eee823cc42d67,"ValueError: There was an error in one or more threads during a VMEC++ run:
Thread 0:
	FATAL ERROR in thread=0. The solver failed during the first iterations. This may happen if the initial boundary is poorly shaped or if it isn't spectrally condensed enough.
"
2049308,held-out,baseline,1,False,0.0050817920000554295,1.2063183749996824,,,,,,,6accc6160ba19c6a418856e683f365da2694fca5ca59f598e3938bf4fc4ef94b,dd22d878a87d96583398ae607b33882f5f15586877eeb3b9d553fe9b60f0975c,2465dae850eae8a246bb01df229c79b75d4113380c6ef7a9b71a16314e4726b8,"ValueError: There was an error in one or more threads during a VMEC++ run:
Thread 3:
	FATAL ERROR in thread=3. The solver failed during the first iterations. This may happen if the initial boundary is poorly shaped or if it isn't spectrally condensed enough.
Thread 1:
	FATAL ERROR in thread=1. The solver failed during the first iterations. This may happen if the initial boundary is poorly shaped or if it isn't spectrally condensed enough.
Thread 2:
	FATAL ERROR in thread=2. The solver failed during the first iterations. This may happen if the initial boundary is poorly shaped or if it isn't spectrally condensed enough.
Thread 0:
	FATAL ERROR in thread=0. The solver failed during the first iterations. This may happen if the initial boundary is poorly shaped or if it isn't spectrally condensed enough.
"
784312,held-out,baseline,0,False,0.004721166000308585,1.2656688749993918,,,,,,,f83a3a484358243bf7da94c7a86ad1a0c4b81dd9a9c3289473517022adaf73d4,803d7de57c4bd602b608b6baf8e93c93f424e17b5943ca9acb80d41892771449,2465dae850eae8a246bb01df229c79b75d4113380c6ef7a9b71a16314e4726b8,"ValueError: There was an error in one or more threads during a VMEC++ run:
Thread 1:
	FATAL ERROR in thread=1. The solver failed during the first iterations. This may happen if the initial boundary is poorly shaped or if it isn't spectrally condensed enough.
Thread 0:
	FATAL ERROR in thread=0. The solver failed during the first iterations. This may happen if the initial boundary is poorly shaped or if it isn't spectrally condensed enough.
Thread 2:
	FATAL ERROR in thread=2. The solver failed during the first iterations. This may happen if the initial boundary is poorly shaped or if it isn't spectrally condensed enough.
Thread 3:
	FATAL ERROR in thread=3. The solver failed during the first iterations. This may happen if the initial boundary is poorly shaped or if it isn't spectrally condensed enough.
"
784312,held-out,candidate,0,True,0.6972392919997219,2.2260917500007054,1029,31,9.48013413242628e-10,8.384653190331925e-10,1.6593048925324125e-10,0.007603422291372964,f83a3a484358243bf7da94c7a86ad1a0c4b81dd9a9c3289473517022adaf73d4,803d7de57c4bd602b608b6baf8e93c93f424e17b5943ca9acb80d41892771449,1a7c1c75ea349004161725842096d51274559ba63849880d707eee823cc42d67,
1849177,discovery,candidate,0,False,0.004603125000357977,1.2508025409988477,,,,,,,a86b6a92c49d4fb45b8b3833dfcb50bb4136c7b68b3fd31af3a439f947051fc0,7ff7b0c5bf27b53215c498858b6636e036686badaae1a147cd8e39db37ef695e,1a7c1c75ea349004161725842096d51274559ba63849880d707eee823cc42d67,"ValueError: There was an error in one or more threads during a VMEC++ run:
Thread 0:
	FATAL ERROR in thread=0. The solver failed during the first iterations. This may happen if the initial boundary is poorly shaped or if it isn't spectrally condensed enough.
"
1849177,discovery,baseline,0,False,0.004163333000178682,1.2088497919994552,,,,,,,a86b6a92c49d4fb45b8b3833dfcb50bb4136c7b68b3fd31af3a439f947051fc0,7ff7b0c5bf27b53215c498858b6636e036686badaae1a147cd8e39db37ef695e,2465dae850eae8a246bb01df229c79b75d4113380c6ef7a9b71a16314e4726b8,"ValueError: There was an error in one or more threads during a VMEC++ run:
Thread 1:
	FATAL ERROR in thread=1. The solver failed during the first iterations. This may happen if the initial boundary is poorly shaped or if it isn't spectrally condensed enough.
Thread 3:
	FATAL ERROR in thread=3. The solver failed during the first iterations. This may happen if the initial boundary is poorly shaped or if it isn't spectrally condensed enough.
Thread 2:
	FATAL ERROR in thread=2. The solver failed during the first iterations. This may happen if the initial boundary is poorly shaped or if it isn't spectrally condensed enough.
Thread 0:
	FATAL ERROR in thread=0. The solver failed during the first iterations. This may happen if the initial boundary is poorly shaped or if it isn't spectrally condensed enough.
"
1861414,held-out,baseline,1,False,0.004366249999293359,1.20421987500049,,,,,,,d10cd53a3bac0f5beabd362395f63c32bd3493493ff207b04536f446aab04c21,e180f00bbe2dfa527017b3bd742c1683d48e9ad91e77bc41a373d379247b4c62,2465dae850eae8a246bb01df229c79b75d4113380c6ef7a9b71a16314e4726b8,"ValueError: There was an error in one or more threads during a VMEC++ run:
Thread 0:
	FATAL ERROR in thread=0. The solver failed during the first iterations. This may happen if the initial boundary is poorly shaped or if it isn't spectrally condensed enough.
Thread 2:
	FATAL ERROR in thread=2. The solver failed during the first iterations. This may happen if the initial boundary is poorly shaped or if it isn't spectrally condensed enough.
Thread 1:
	FATAL ERROR in thread=1. The solver failed during the first iterations. This may happen if the initial boundary is poorly shaped or if it isn't spectrally condensed enough.
Thread 3:
	FATAL ERROR in thread=3. The solver failed during the first iterations. This may happen if the initial boundary is poorly shaped or if it isn't spectrally condensed enough.
"
1861414,held-out,candidate,1,False,2.86376491700139,4.062417334000202,,,,,,,d10cd53a3bac0f5beabd362395f63c32bd3493493ff207b04536f446aab04c21,e180f00bbe2dfa527017b3bd742c1683d48e9ad91e77bc41a373d379247b4c62,1a7c1c75ea349004161725842096d51274559ba63849880d707eee823cc42d67,"ValueError: FATAL ERROR in SolveEquilibrium: JACOBIAN_75_TIMES_BAD The jacobian factor of the geometry repeatedly became negative, indicating that flux surfaces become self-intersecting. This can mean that your prescribed boundary is too shaped for VMEC to resolve
VmecINDATA had these contents:
{""ac"":[1.0,-1.0],""ac_aux_f"":[],""ac_aux_s"":[],""ai"":[],""ai_aux_f"":[],""ai_aux_s"":[],""am"":[1.0,-1.0],""am_aux_f"":[],""am_aux_s"":[],""aphi"":[1.0],""bloat"":1.0,""curtor"":0.0,""delt"":1.0,""extcur"":[-281259.11907075864],""free_boundary_method"":""nestor"",""ftol_array"":[1e-09,1e-09,1e-09],""gamma"":0.0,""iteration_style"":""vmec_8_52"",""lasym"":false,""lforbal"":false,""lfreeb"":true,""mgrid_file"":""NONE"",""mpol"":6,""mpol_geometry"":-1,""ncurr"":1,""nfp"":5,""niter_array"":[4000,4000,4000],""ns_array"":[8,16,31],""nstep"":200,""ntheta"":0,""ntor"":6,""ntor_geometry"":-1,""nvacskip"":6,""nzeta"":24,""pcurr_type"":""power_series"",""phiedge"":0.0034423709735137862,""piota_type"":""power_series"",""pmass_type"":""power_series"",""pres_scale"":0.0,""raxis_c"":[0.9905602302376832,0.0,0.0,0.0,0.0,0.0,0.0],""rbc"":[{""m"":0,""n"":0,""value"":0.9905602302376832},{""m"":0,""n"":1,""value"":0.1833950768881539},{""m"":0,""n"":2,""value"":0.026123188584208337},{""m"":0,""n"":3,""value"":0.004831399160382497},{""m"":0,""n"":4,""value"":0.0022223824706379966},{""m"":0,""n"":5,""value"":0.0006700286240069475},{""m"":0,""n"":6,""value"":0.00014995289936313148},{""m"":1,""n"":-6,""value"":0.00018933190512455166},{""m"":1,""n"":-5,""value"":0.00010138032566339149},{""m"":1,""n"":-4,""value"":0.00010936687965699337},{""m"":1,""n"":-3,""value"":0.00033369649135863084},{""m"":1,""n"":-2,""value"":-0.004806227597824106},{""m"":1,""n"":-1,""value"":-0.023499846728269446},{""m"":1,""n"":0,""value"":-0.05607405894881812},{""m"":1,""n"":1,""value"":0.013930465396842737},{""m"":1,""n"":2,""value"":0.036614534890068225},{""m"":1,""n"":3,""value"":0.012209204544466164},{""m"":1,""n"":4,""value"":0.002141105804252276},{""m"":1,""n"":5,""value"":0.0009668044367365442},{""m"":1,""n"":6,""value"":0.0001717529945885764},{""m"":2,""n"":-6,""value"":-6.049691298730296e-05},{""m"":2,""n"":-5,""value"":2.7979988308792305e-05},{""m"":2,""n"":-4,""value"":8.881815087107348e-05},{""m"":2,""n"":-3,""value"":-0.0002455947476811568},{""m"":2,""n"":-2,""value"":-0.0010708802094447842},{""m"":2,""n"":-1,""value"":-0.0025752931395714483},{""m"":2,""n"":0,""value"":-0.0027698386402737517},{""m"":2,""n"":1,""value"":0.0019765437373683897},{""m"":2,""n"":2,""value"":0.0057101297994972},{""m"":2,""n"":3,""value"":0.00820996621548706},{""m"":2,""n"":4,""value"":0.0026949627021314484},{""m"":2,""n"":5,""value"":6.560110414843518e-05},{""m"":2,""n"":6,""value"":5.6812062305488084e-05},{""m"":3,""n"":-6,""value"":1.0617975707015424e-05},{""m"":3,""n"":-5,""value"":-5.852603244186551e-06},{""m"":3,""n"":-4,""value"":-4.0399806622731015e-05},{""m"":3,""n"":-3,""value"":-6.768294802717503e-05},{""m"":3,""n"":-2,""value"":-5.129668503170373e-05},{""m"":3,""n"":-1,""value"":-0.0002297239131041437},{""m"":3,""n"":0,""value"":-0.0005093952354704526},{""m"":3,""n"":1,""value"":-0.00018442614337471446},{""m"":3,""n"":2,""value"":0.0011948929067788431},{""m"":3,""n"":3,""value"":0.002190718183494784},{""m"":3,""n"":4,""value"":0.002005091140417055},{""m"":3,""n"":5,""value"":0.0003658599932145513},{""m"":3,""n"":6,""value"":-0.00028485508780817857},{""m"":4,""n"":-6,""value"":-3.6613705318809306e-07},{""m"":4,""n"":-5,""value"":-3.367762359488641e-06},{""m"":4,""n"":-4,""value"":-8.482579936722271e-06},{""m"":4,""n"":-3,""value"":-1.664439081278634e-05},{""m"":4,""n"":-2,""value"":-2.5632343620511597e-05},{""m"":4,""n"":-1,""value"":-3.1209594051385935e-05},{""m"":4,""n"":0,""value"":-4.5378550290918205e-05},{""m"":4,""n"":1,""value"":-0.0001571482038862135},{""m"":4,""n"":2,""value"":0.00014545494950302522},{""m"":4,""n"":3,""value"":0.0006790813796448302},{""m"":4,""n"":4,""value"":0.0007937284777664199},{""m"":4,""n"":5,""value"":0.00047155716968287685},{""m"":4,""n"":6,""value"":-6.489967375331403e-05},{""m"":5,""n"":-6,""value"":1.257837888598188e-06},{""m"":5,""n"":-5,""value"":-5.785093819824005e-08},{""m"":5,""n"":-4,""value"":-1.8446863915071197e-06},{""m"":5,""n"":-3,""value"":-2.564480570974202e-06},{""m"":5,""n"":-2,""value"":-2.98196307848201e-07},{""m"":5,""n"":-1,""value"":9.062459501004841e-07},{""m"":5,""n"":0,""value"":-1.405442797848297e-05},{""m"":5,""n"":1,""value"":5.357683101012888e-05},{""m"":5,""n"":2,""value"":-1.0534603735660048e-05},{""m"":5,""n"":3,""value"":-2.514518926027591e-05},{""m"":5,""n"":4,""value"":0.00025807626363388554},{""m"":5,""n"":5,""value"":0.0002596678621432496},{""m"":5,""n"":6,""value"":8.303416595581154e-05}],""return_outputs_even_if_not_converged"":false,""spres_ped"":1.0,""tcon0"":1.0,""zaxis_s"":[0.0,0.0,0.0,0.0,0.0,0.0,0.0],""zbs"":[{""m"":0,""n"":1,""value"":0.1598032808576835},{""m"":0,""n"":2,""value"":0.029406622909661197},{""m"":0,""n"":3,""value"":0.003107329431583537},{""m"":0,""n"":4,""value"":0.0002537425569723827},{""m"":0,""n"":5,""value"":0.0003440565045841323},{""m"":0,""n"":6,""value"":0.00027428196042902453},{""m"":1,""n"":-6,""value"":-0.00015251869035967094},{""m"":1,""n"":-5,""value"":-0.00012959713812976125},{""m"":1,""n"":-4,""value"":-5.172194718310975e-05},{""m"":1,""n"":-3,""value"":0.00019966779034744333},{""m"":1,""n"":-2,""value"":0.0065261540858322625},{""m"":1,""n"":-1,""value"":0.014413124426317437},{""m"":1,""n"":0,""value"":0.055577559509963646},{""m"":1,""n"":1,""value"":0.011384174205225398},{""m"":1,""n"":2,""value"":0.03332085565016221},{""m"":1,""n"":3,""value"":0.010056093009096746},{""m"":1,""n"":4,""value"":0.002091643243526217},{""m"":1,""n"":5,""value"":0.0005454597086806645},{""m"":1,""n"":6,""value"":3.40323778529932e-05},{""m"":2,""n"":-6,""value"":2.8816277272759602e-05},{""m"":2,""n"":-5,""value"":-1.7782627139926264e-05},{""m"":2,""n"":-4,""value"":-8.67167690657443e-05},{""m"":2,""n"":-3,""value"":-0.00018499972730193532},{""m"":2,""n"":-2,""value"":-0.000177869682027128},{""m"":2,""n"":-1,""value"":0.0006201241550191673},{""m"":2,""n"":0,""value"":-0.000646657995472499},{""m"":2,""n"":1,""value"":0.00360377056908812},{""m"":2,""n"":2,""value"":0.004700673249458045},{""m"":2,""n"":3,""value"":0.007514710529997975},{""m"":2,""n"":4,""value"":0.0027294051283229654},{""m"":2,""n"":5,""value"":0.0006136419019924926},{""m"":2,""n"":6,""value"":0.0002434155985658903},{""m"":3,""n"":-6,""value"":9.625090467163068e-06},{""m"":3,""n"":-5,""value"":1.6246315836982422e-05},{""m"":3,""n"":-4,""value"":2.1017693622593358e-05},{""m"":3,""n"":-3,""value"":2.6421340699152104e-05},{""m"":3,""n"":-2,""value"":-3.3566835030681e-05},{""m"":3,""n"":-1,""value"":-8.456281855639288e-05},{""m"":3,""n"":0,""value"":-0.00024343716595208085},{""m"":3,""n"":1,""value"":0.00026740428594129544},{""m"":3,""n"":2,""value"":0.001462461100723964},{""m"":3,""n"":3,""value"":0.0019550642122952372},{""m"":3,""n"":4,""value"":0.0019298617936122885},{""m"":3,""n"":5,""value"":0.0005845847818716877},{""m"":3,""n"":6,""value"":3.7735051235458114e-05},{""m"":4,""n"":-6,""value"":9.240160862641496e-07},{""m"":4,""n"":-5,""value"":1.125236957857323e-06},{""m"":4,""n"":-4,""value"":4.835265955570253e-06},{""m"":4,""n"":-3,""value"":1.335929627420218e-05},{""m"":4,""n"":-2,""value"":1.7322500015300067e-05},{""m"":4,""n"":-1,""value"":7.847987384633444e-06},{""m"":4,""n"":0,""value"":-6.096112432048833e-05},{""m"":4,""n"":1,""value"":0.0001344740626681932},{""m"":4,""n"":2,""value"":0.00015001236099967496},{""m"":4,""n"":3,""value"":0.0007260512519602182},{""m"":4,""n"":4,""value"":0.000748841388055288},{""m"":4,""n"":5,""value"":0.0005149410211038639},{""m"":4,""n"":6,""value"":8.037339752260949e-05},{""m"":5,""n"":-6,""value"":1.429187042756651e-06},{""m"":5,""n"":-5,""value"":1.1960660908515196e-06},{""m"":5,""n"":-4,""value"":2.1034758067822573e-06},{""m"":5,""n"":-3,""value"":2.4259923310793085e-06},{""m"":5,""n"":-2,""value"":1.5814703604972395e-06},{""m"":5,""n"":-1,""value"":-8.53839940187743e-06},{""m"":5,""n"":0,""value"":1.8368907708265124e-05},{""m"":5,""n"":1,""value"":-0.000122274777481264},{""m"":5,""n"":2,""value"":0.00021230046680855244},{""m"":5,""n"":3,""value"":-8.456876255534978e-06},{""m"":5,""n"":4,""value"":0.00028378166423655013},{""m"":5,""n"":5,""value"":0.0002604436347802442},{""m"":5,""n"":6,""value"":0.00012770097178065065}]}"
942782,discovery,candidate,0,True,2.1397234159994696,3.669047749999663,2970,31,9.294902450864888e-10,1.4950052938701903e-10,1.9527900234927636e-11,0.001658983367765227,cbee2d6182836b7604d71b3895a190cb48286b19ffa36bdd79c580e9eb3a0888,34919b0c26802ac5a39ac48052738eb43f645749e9b7254ce4935fe3dc363bbe,1a7c1c75ea349004161725842096d51274559ba63849880d707eee823cc42d67,
942782,discovery,baseline,0,False,0.004331582998929662,1.257719958000962,,,,,,,cbee2d6182836b7604d71b3895a190cb48286b19ffa36bdd79c580e9eb3a0888,34919b0c26802ac5a39ac48052738eb43f645749e9b7254ce4935fe3dc363bbe,2465dae850eae8a246bb01df229c79b75d4113380c6ef7a9b71a16314e4726b8,"ValueError: There was an error in one or more threads during a VMEC++ run:
Thread 3:
	FATAL ERROR in thread=3. The solver failed during the first iterations. This may happen if the initial boundary is poorly shaped or if it isn't spectrally condensed enough.
Thread 2:
	FATAL ERROR in thread=2. The solver failed during the first iterations. This may happen if the initial boundary is poorly shaped or if it isn't spectrally condensed enough.
Thread 0:
	FATAL ERROR in thread=0. The solver failed during the first iterations. This may happen if the initial boundary is poorly shaped or if it isn't spectrally condensed enough.
Thread 1:
	FATAL ERROR in thread=1. The solver failed during the first iterations. This may happen if the initial boundary is poorly shaped or if it isn't spectrally condensed enough.
"
1886062,held-out,candidate,1,False,0.004630499999620952,1.2088759580001351,,,,,,,ba6b9fb674f6cb97a2ff7965bf3a1df3a7f8184bad08c5e1f7b446288451cd91,46498af132127ced67ec8e57778ec1505be811ae2db70eff5e91bb312851e7af,1a7c1c75ea349004161725842096d51274559ba63849880d707eee823cc42d67,"ValueError: There was an error in one or more threads during a VMEC++ run:
Thread 0:
	FATAL ERROR in thread=0. The solver failed during the first iterations. This may happen if the initial boundary is poorly shaped or if it isn't spectrally condensed enough.
"
1886062,held-out,baseline,1,False,0.004711707999376813,1.2121735000000626,,,,,,,ba6b9fb674f6cb97a2ff7965bf3a1df3a7f8184bad08c5e1f7b446288451cd91,46498af132127ced67ec8e57778ec1505be811ae2db70eff5e91bb312851e7af,2465dae850eae8a246bb01df229c79b75d4113380c6ef7a9b71a16314e4726b8,"ValueError: There was an error in one or more threads during a VMEC++ run:
Thread 1:
	FATAL ERROR in thread=1. The solver failed during the first iterations. This may happen if the initial boundary is poorly shaped or if it isn't spectrally condensed enough.
Thread 2:
	FATAL ERROR in thread=2. The solver failed during the first iterations. This may happen if the initial boundary is poorly shaped or if it isn't spectrally condensed enough.
Thread 3:
	FATAL ERROR in thread=3. The solver failed during the first iterations. This may happen if the initial boundary is poorly shaped or if it isn't spectrally condensed enough.
Thread 0:
	FATAL ERROR in thread=0. The solver failed during the first iterations. This may happen if the initial boundary is poorly shaped or if it isn't spectrally condensed enough.
"
942782,discovery,candidate,1,True,1.954611750001277,3.463670875000389,2970,31,9.294900523974144e-10,1.4950051987278044e-10,1.952790007749001e-11,0.0016589833677981753,cbee2d6182836b7604d71b3895a190cb48286b19ffa36bdd79c580e9eb3a0888,34919b0c26802ac5a39ac48052738eb43f645749e9b7254ce4935fe3dc363bbe,1a7c1c75ea349004161725842096d51274559ba63849880d707eee823cc42d67,
942782,discovery,baseline,1,False,0.0063294579995272215,1.476488166999843,,,,,,,cbee2d6182836b7604d71b3895a190cb48286b19ffa36bdd79c580e9eb3a0888,34919b0c26802ac5a39ac48052738eb43f645749e9b7254ce4935fe3dc363bbe,2465dae850eae8a246bb01df229c79b75d4113380c6ef7a9b71a16314e4726b8,"ValueError: There was an error in one or more threads during a VMEC++ run:
Thread 0:
	FATAL ERROR in thread=0. The solver failed during the first iterations. This may happen if the initial boundary is poorly shaped or if it isn't spectrally condensed enough.
Thread 3:
	FATAL ERROR in thread=3. The solver failed during the first iterations. This may happen if the initial boundary is poorly shaped or if it isn't spectrally condensed enough.
Thread 2:
	FATAL ERROR in thread=2. The solver failed during the first iterations. This may happen if the initial boundary is poorly shaped or if it isn't spectrally condensed enough.
Thread 1:
	FATAL ERROR in thread=1. The solver failed during the first iterations. This may happen if the initial boundary is poorly shaped or if it isn't spectrally condensed enough.
"
14802,discovery,baseline,0,False,0.006797207999625243,1.3032103329987876,,,,,,,bf4656e7c552541ad95885809d6e0ac740de39906c20384e9850cb709f8fd0b3,5899de7d4e1ef669d0e6eb98371c060a7f4f66fa6fa49e4e396b77f05d2fcfef,2465dae850eae8a246bb01df229c79b75d4113380c6ef7a9b71a16314e4726b8,"ValueError: There was an error in one or more threads during a VMEC++ run:
Thread 3:
	FATAL ERROR in thread=3. The solver failed during the first iterations. This may happen if the initial boundary is poorly shaped or if it isn't spectrally condensed enough.
Thread 2:
	FATAL ERROR in thread=2. The solver failed during the first iterations. This may happen if the initial boundary is poorly shaped or if it isn't spectrally condensed enough.
Thread 1:
	FATAL ERROR in thread=1. The solver failed during the first iterations. This may happen if the initial boundary is poorly shaped or if it isn't spectrally condensed enough.
Thread 0:
	FATAL ERROR in thread=0. The solver failed during the first iterations. This may happen if the initial boundary is poorly shaped or if it isn't spectrally condensed enough.
"
14802,discovery,candidate,0,True,0.9722984580002958,2.5350494160011294,1447,31,9.541024211741362e-10,3.8022909280904174e-10,6.135779740216212e-11,0.0015019900726445411,bf4656e7c552541ad95885809d6e0ac740de39906c20384e9850cb709f8fd0b3,5899de7d4e1ef669d0e6eb98371c060a7f4f66fa6fa49e4e396b77f05d2fcfef,1a7c1c75ea349004161725842096d51274559ba63849880d707eee823cc42d67,
2042445,held-out,candidate,1,False,0.0048475410003447905,1.3664492080006312,,,,,,,aa9a4303e03cf2d4280ffe34904bcf1611ba32533a2c4d392e2dca747832ff59,171db2816f6f66a9c85fbba85014010786a2c1f235ad0aa4c1b01e2d8e2c3664,1a7c1c75ea349004161725842096d51274559ba63849880d707eee823cc42d67,"ValueError: There was an error in one or more threads during a VMEC++ run:
Thread 0:
	FATAL ERROR in thread=0. The solver failed during the first iterations. This may happen if the initial boundary is poorly shaped or if it isn't spectrally condensed enough.
"
2042445,held-out,baseline,1,False,0.004244791000019177,1.2709094170004391,,,,,,,aa9a4303e03cf2d4280ffe34904bcf1611ba32533a2c4d392e2dca747832ff59,171db2816f6f66a9c85fbba85014010786a2c1f235ad0aa4c1b01e2d8e2c3664,2465dae850eae8a246bb01df229c79b75d4113380c6ef7a9b71a16314e4726b8,"ValueError: There was an error in one or more threads during a VMEC++ run:
Thread 3:
	FATAL ERROR in thread=3. The solver failed during the first iterations. This may happen if the initial boundary is poorly shaped or if it isn't spectrally condensed enough.
Thread 2:
	FATAL ERROR in thread=2. The solver failed during the first iterations. This may happen if the initial boundary is poorly shaped or if it isn't spectrally condensed enough.
Thread 0:
	FATAL ERROR in thread=0. The solver failed during the first iterations. This may happen if the initial boundary is poorly shaped or if it isn't spectrally condensed enough.
Thread 1:
	FATAL ERROR in thread=1. The solver failed during the first iterations. This may happen if the initial boundary is poorly shaped or if it isn't spectrally condensed enough.
"
1611132,held-out,candidate,2,False,0.004410624998854473,1.2119899170011195,,,,,,,1a7ab9644f9c7fb303cbba34213ab9467fba2e5fbbb697f9dbc65e418f1be8d2,7daed5ec563d09527dcb3017729fa320650507f2465aceab07b953fed5beafce,1a7c1c75ea349004161725842096d51274559ba63849880d707eee823cc42d67,"ValueError: There was an error in one or more threads during a VMEC++ run:
Thread 0:
	FATAL ERROR in thread=0. The solver failed during the first iterations. This may happen if the initial boundary is poorly shaped or if it isn't spectrally condensed enough.
"
1611132,held-out,baseline,2,False,0.0040392499995505204,1.2019905830002244,,,,,,,1a7ab9644f9c7fb303cbba34213ab9467fba2e5fbbb697f9dbc65e418f1be8d2,7daed5ec563d09527dcb3017729fa320650507f2465aceab07b953fed5beafce,2465dae850eae8a246bb01df229c79b75d4113380c6ef7a9b71a16314e4726b8,"ValueError: There was an error in one or more threads during a VMEC++ run:
Thread 1:
	FATAL ERROR in thread=1. The solver failed during the first iterations. This may happen if the initial boundary is poorly shaped or if it isn't spectrally condensed enough.
Thread 0:
	FATAL ERROR in thread=0. The solver failed during the first iterations. This may happen if the initial boundary is poorly shaped or if it isn't spectrally condensed enough.
Thread 3:
	FATAL ERROR in thread=3. The solver failed during the first iterations. This may happen if the initial boundary is poorly shaped or if it isn't spectrally condensed enough.
Thread 2:
	FATAL ERROR in thread=2. The solver failed during the first iterations. This may happen if the initial boundary is poorly shaped or if it isn't spectrally condensed enough.
"
2524377,discovery,baseline,2,False,0.004464541001652833,1.2012055420000252,,,,,,,34be1ae233736a33019e2133798732dd9bf372df74e5de5d7aec581b991122b2,b1278230347437eb2b6faef1b99cf26d043fbfa0d3cecf55d30fd41638fd9a50,2465dae850eae8a246bb01df229c79b75d4113380c6ef7a9b71a16314e4726b8,"ValueError: There was an error in one or more threads during a VMEC++ run:
Thread 3:
	FATAL ERROR in thread=3. The solver failed during the first iterations. This may happen if the initial boundary is poorly shaped or if it isn't spectrally condensed enough.
Thread 0:
	FATAL ERROR in thread=0. The solver failed during the first iterations. This may happen if the initial boundary is poorly shaped or if it isn't spectrally condensed enough.
Thread 2:
	FATAL ERROR in thread=2. The solver failed during the first iterations. This may happen if the initial boundary is poorly shaped or if it isn't spectrally condensed enough.
Thread 1:
	FATAL ERROR in thread=1. The solver failed during the first iterations. This may happen if the initial boundary is poorly shaped or if it isn't spectrally condensed enough.
"
2524377,discovery,candidate,2,False,0.004529833000560757,1.2136551670009794,,,,,,,34be1ae233736a33019e2133798732dd9bf372df74e5de5d7aec581b991122b2,b1278230347437eb2b6faef1b99cf26d043fbfa0d3cecf55d30fd41638fd9a50,1a7c1c75ea349004161725842096d51274559ba63849880d707eee823cc42d67,"ValueError: There was an error in one or more threads during a VMEC++ run:
Thread 0:
	FATAL ERROR in thread=0. The solver failed during the first iterations. This may happen if the initial boundary is poorly shaped or if it isn't spectrally condensed enough.
"
17263,held-out,baseline,2,False,0.004229124999255873,1.2117905830000382,,,,,,,87ce4f430bc5e11f5b76126ba54eaaef498328d91b526b30bf40920ac8713959,92747e767cc779f6af5c11b9b2c4a630782e109121f0f6b1a64bb3ed7dc53d11,2465dae850eae8a246bb01df229c79b75d4113380c6ef7a9b71a16314e4726b8,"ValueError: There was an error in one or more threads during a VMEC++ run:
Thread 3:
	FATAL ERROR in thread=3. The solver failed during the first iterations. This may happen if the initial boundary is poorly shaped or if it isn't spectrally condensed enough.
Thread 2:
	FATAL ERROR in thread=2. The solver failed during the first iterations. This may happen if the initial boundary is poorly shaped or if it isn't spectrally condensed enough.
Thread 1:
	FATAL ERROR in thread=1. The solver failed during the first iterations. This may happen if the initial boundary is poorly shaped or if it isn't spectrally condensed enough.
Thread 0:
	FATAL ERROR in thread=0. The solver failed during the first iterations. This may happen if the initial boundary is poorly shaped or if it isn't spectrally condensed enough.
"
17263,held-out,candidate,2,False,0.004490125000302214,1.1925914579987875,,,,,,,87ce4f430bc5e11f5b76126ba54eaaef498328d91b526b30bf40920ac8713959,92747e767cc779f6af5c11b9b2c4a630782e109121f0f6b1a64bb3ed7dc53d11,1a7c1c75ea349004161725842096d51274559ba63849880d707eee823cc42d67,"ValueError: There was an error in one or more threads during a VMEC++ run:
Thread 0:
	FATAL ERROR in thread=0. The solver failed during the first iterations. This may happen if the initial boundary is poorly shaped or if it isn't spectrally condensed enough.
"
25455,held-out,candidate,0,True,1.0419009170000209,2.503667792001579,1661,31,9.45547264340388e-10,4.437937823303474e-10,1.6760129613435773e-10,0.00239075847092947,4b4d216c5b3c42c2746023d7f57531c15647647ebb5f1dc55755b156af2c7e9f,82db5b5bcbafcec48909f328c7a9bee5482205da3f538931a0b45e38c5a6234b,1a7c1c75ea349004161725842096d51274559ba63849880d707eee823cc42d67,
25455,held-out,baseline,0,False,0.0044448749995353865,1.204856333000862,,,,,,,4b4d216c5b3c42c2746023d7f57531c15647647ebb5f1dc55755b156af2c7e9f,82db5b5bcbafcec48909f328c7a9bee5482205da3f538931a0b45e38c5a6234b,2465dae850eae8a246bb01df229c79b75d4113380c6ef7a9b71a16314e4726b8,"ValueError: There was an error in one or more threads during a VMEC++ run:
Thread 2:
	FATAL ERROR in thread=2. The solver failed during the first iterations. This may happen if the initial boundary is poorly shaped or if it isn't spectrally condensed enough.
Thread 1:
	FATAL ERROR in thread=1. The solver failed during the first iterations. This may happen if the initial boundary is poorly shaped or if it isn't spectrally condensed enough.
Thread 3:
	FATAL ERROR in thread=3. The solver failed during the first iterations. This may happen if the initial boundary is poorly shaped or if it isn't spectrally condensed enough.
Thread 0:
	FATAL ERROR in thread=0. The solver failed during the first iterations. This may happen if the initial boundary is poorly shaped or if it isn't spectrally condensed enough.
"
221118,held-out,candidate,2,False,0.004744416999528767,1.1998373750011524,,,,,,,3f369341a8b8f3b7d6bbabbd72879f706b04196644843879bc978f739a32f0b4,7a74d5ab22f21c5ba22652995b6d6c8bc0d6ec1fde40c1a05f705e9e3979870a,1a7c1c75ea349004161725842096d51274559ba63849880d707eee823cc42d67,"ValueError: There was an error in one or more threads during a VMEC++ run:
Thread 0:
	FATAL ERROR in thread=0. The solver failed during the first iterations. This may happen if the initial boundary is poorly shaped or if it isn't spectrally condensed enough.
"
221118,held-out,baseline,2,False,0.003932582998459111,1.2044727500015142,,,,,,,3f369341a8b8f3b7d6bbabbd72879f706b04196644843879bc978f739a32f0b4,7a74d5ab22f21c5ba22652995b6d6c8bc0d6ec1fde40c1a05f705e9e3979870a,2465dae850eae8a246bb01df229c79b75d4113380c6ef7a9b71a16314e4726b8,"ValueError: There was an error in one or more threads during a VMEC++ run:
Thread 2:
	FATAL ERROR in thread=2. The solver failed during the first iterations. This may happen if the initial boundary is poorly shaped or if it isn't spectrally condensed enough.
Thread 0:
	FATAL ERROR in thread=0. The solver failed during the first iterations. This may happen if the initial boundary is poorly shaped or if it isn't spectrally condensed enough.
Thread 1:
	FATAL ERROR in thread=1. The solver failed during the first iterations. This may happen if the initial boundary is poorly shaped or if it isn't spectrally condensed enough.
Thread 3:
	FATAL ERROR in thread=3. The solver failed during the first iterations. This may happen if the initial boundary is poorly shaped or if it isn't spectrally condensed enough.
"
942782,discovery,baseline,2,False,0.004414666000229772,1.2081874169998628,,,,,,,cbee2d6182836b7604d71b3895a190cb48286b19ffa36bdd79c580e9eb3a0888,34919b0c26802ac5a39ac48052738eb43f645749e9b7254ce4935fe3dc363bbe,2465dae850eae8a246bb01df229c79b75d4113380c6ef7a9b71a16314e4726b8,"ValueError: There was an error in one or more threads during a VMEC++ run:
Thread 0:
	FATAL ERROR in thread=0. The solver failed during the first iterations. This may happen if the initial boundary is poorly shaped or if it isn't spectrally condensed enough.
Thread 3:
	FATAL ERROR in thread=3. The solver failed during the first iterations. This may happen if the initial boundary is poorly shaped or if it isn't spectrally condensed enough.
Thread 2:
	FATAL ERROR in thread=2. The solver failed during the first iterations. This may happen if the initial boundary is poorly shaped or if it isn't spectrally condensed enough.
Thread 1:
	FATAL ERROR in thread=1. The solver failed during the first iterations. This may happen if the initial boundary is poorly shaped or if it isn't spectrally condensed enough.
"
942782,discovery,candidate,2,True,2.121106000000509,3.627954958999908,2970,31,9.294901543287694e-10,1.4950053243763513e-10,1.9527900228983057e-11,0.0016589833678073089,cbee2d6182836b7604d71b3895a190cb48286b19ffa36bdd79c580e9eb3a0888,34919b0c26802ac5a39ac48052738eb43f645749e9b7254ce4935fe3dc363bbe,1a7c1c75ea349004161725842096d51274559ba63849880d707eee823cc42d67,
1335043,held-out,baseline,2,False,0.004073375001098611,1.30525787499937,,,,,,,fb8a784b207ab7f06e352d20737be11eabad7a690e56a91208965094946d83d9,c8a92020ec1c1653667eac7ef46c9d3c6ec90d5866a3ac1338c1292d0a4a19f3,2465dae850eae8a246bb01df229c79b75d4113380c6ef7a9b71a16314e4726b8,"ValueError: There was an error in one or more threads during a VMEC++ run:
Thread 3:
	FATAL ERROR in thread=3. The solver failed during the first iterations. This may happen if the initial boundary is poorly shaped or if it isn't spectrally condensed enough.
Thread 0:
	FATAL ERROR in thread=0. The solver failed during the first iterations. This may happen if the initial boundary is poorly shaped or if it isn't spectrally condensed enough.
Thread 1:
	FATAL ERROR in thread=1. The solver failed during the first iterations. This may happen if the initial boundary is poorly shaped or if it isn't spectrally condensed enough.
Thread 2:
	FATAL ERROR in thread=2. The solver failed during the first iterations. This may happen if the initial boundary is poorly shaped or if it isn't spectrally condensed enough.
"
1335043,held-out,candidate,2,False,0.007214290999399964,1.3034812500009139,,,,,,,fb8a784b207ab7f06e352d20737be11eabad7a690e56a91208965094946d83d9,c8a92020ec1c1653667eac7ef46c9d3c6ec90d5866a3ac1338c1292d0a4a19f3,1a7c1c75ea349004161725842096d51274559ba63849880d707eee823cc42d67,"ValueError: There was an error in one or more threads during a VMEC++ run:
Thread 0:
	FATAL ERROR in thread=0. The solver failed during the first iterations. This may happen if the initial boundary is poorly shaped or if it isn't spectrally condensed enough.
"
2017994,discovery,candidate,0,False,0.007217250000394415,1.2597635829988576,,,,,,,d34cf4ddc80f1599c6b8fc6a13cd1f82bb6f773adf8c53372fa2e18a29edf72f,26d30577c11370a92c8289a148805462dd2f4f9ab7f59e0dc1f8dcba7d7321af,1a7c1c75ea349004161725842096d51274559ba63849880d707eee823cc42d67,"ValueError: There was an error in one or more threads during a VMEC++ run:
Thread 0:
	FATAL ERROR in thread=0. The solver failed during the first iterations. This may happen if the initial boundary is poorly shaped or if it isn't spectrally condensed enough.
"
2017994,discovery,baseline,0,False,0.004185084000710049,1.257376875000773,,,,,,,d34cf4ddc80f1599c6b8fc6a13cd1f82bb6f773adf8c53372fa2e18a29edf72f,26d30577c11370a92c8289a148805462dd2f4f9ab7f59e0dc1f8dcba7d7321af,2465dae850eae8a246bb01df229c79b75d4113380c6ef7a9b71a16314e4726b8,"ValueError: There was an error in one or more threads during a VMEC++ run:
Thread 3:
	FATAL ERROR in thread=3. The solver failed during the first iterations. This may happen if the initial boundary is poorly shaped or if it isn't spectrally condensed enough.
Thread 0:
	FATAL ERROR in thread=0. The solver failed during the first iterations. This may happen if the initial boundary is poorly shaped or if it isn't spectrally condensed enough.
Thread 2:
	FATAL ERROR in thread=2. The solver failed during the first iterations. This may happen if the initial boundary is poorly shaped or if it isn't spectrally condensed enough.
Thread 1:
	FATAL ERROR in thread=1. The solver failed during the first iterations. This may happen if the initial boundary is poorly shaped or if it isn't spectrally condensed enough.
"
1886062,held-out,baseline,0,False,0.004807084000276518,1.4112110000005487,,,,,,,ba6b9fb674f6cb97a2ff7965bf3a1df3a7f8184bad08c5e1f7b446288451cd91,46498af132127ced67ec8e57778ec1505be811ae2db70eff5e91bb312851e7af,2465dae850eae8a246bb01df229c79b75d4113380c6ef7a9b71a16314e4726b8,"ValueError: There was an error in one or more threads during a VMEC++ run:
Thread 0:
	FATAL ERROR in thread=0. The solver failed during the first iterations. This may happen if the initial boundary is poorly shaped or if it isn't spectrally condensed enough.
Thread 3:
	FATAL ERROR in thread=3. The solver failed during the first iterations. This may happen if the initial boundary is poorly shaped or if it isn't spectrally condensed enough.
Thread 2:
	FATAL ERROR in thread=2. The solver failed during the first iterations. This may happen if the initial boundary is poorly shaped or if it isn't spectrally condensed enough.
Thread 1:
	FATAL ERROR in thread=1. The solver failed during the first iterations. This may happen if the initial boundary is poorly shaped or if it isn't spectrally condensed enough.
"
1886062,held-out,candidate,0,False,0.004671791999498964,1.3679149999989022,,,,,,,ba6b9fb674f6cb97a2ff7965bf3a1df3a7f8184bad08c5e1f7b446288451cd91,46498af132127ced67ec8e57778ec1505be811ae2db70eff5e91bb312851e7af,1a7c1c75ea349004161725842096d51274559ba63849880d707eee823cc42d67,"ValueError: There was an error in one or more threads during a VMEC++ run:
Thread 0:
	FATAL ERROR in thread=0. The solver failed during the first iterations. This may happen if the initial boundary is poorly shaped or if it isn't spectrally condensed enough.
"
1681907,held-out,candidate,1,True,0.8790127920001396,2.4217839160010044,1332,31,9.826246904445563e-10,5.725683895779873e-10,2.3103305585880193e-10,0.009469653645974057,a3305eac3f02f07316cc1734796c0368dc3d8c8ef757de9b2269aeedd495564c,7363c91283c4c5fc67d2ec6ab49be15168c9a309daf01f6bae55638f1608ef00,1a7c1c75ea349004161725842096d51274559ba63849880d707eee823cc42d67,
1681907,held-out,baseline,1,False,0.006057624999812106,1.3627988749994984,,,,,,,a3305eac3f02f07316cc1734796c0368dc3d8c8ef757de9b2269aeedd495564c,7363c91283c4c5fc67d2ec6ab49be15168c9a309daf01f6bae55638f1608ef00,2465dae850eae8a246bb01df229c79b75d4113380c6ef7a9b71a16314e4726b8,"ValueError: There was an error in one or more threads during a VMEC++ run:
Thread 3:
	FATAL ERROR in thread=3. The solver failed during the first iterations. This may happen if the initial boundary is poorly shaped or if it isn't spectrally condensed enough.
Thread 0:
	FATAL ERROR in thread=0. The solver failed during the first iterations. This may happen if the initial boundary is poorly shaped or if it isn't spectrally condensed enough.
Thread 1:
	FATAL ERROR in thread=1. The solver failed during the first iterations. This may happen if the initial boundary is poorly shaped or if it isn't spectrally condensed enough.
Thread 2:
	FATAL ERROR in thread=2. The solver failed during the first iterations. This may happen if the initial boundary is poorly shaped or if it isn't spectrally condensed enough.
"
2055869,discovery,candidate,2,True,1.9828629169987835,3.563855958000204,2527,31,9.921791653683093e-10,4.425915001630279e-10,2.946461634069119e-10,0.01019097494406785,90ef6d8a4f06a2a0f5d067b98c859f5101b82cd89019012966fa9b274000ad17,1a9f93af23b91588d393f4d6d0b30364c0da41af9cfc0fb4d51997b1c82268f2,1a7c1c75ea349004161725842096d51274559ba63849880d707eee823cc42d67,
2055869,discovery,baseline,2,False,0.003961541999160545,1.198650959000588,,,,,,,90ef6d8a4f06a2a0f5d067b98c859f5101b82cd89019012966fa9b274000ad17,1a9f93af23b91588d393f4d6d0b30364c0da41af9cfc0fb4d51997b1c82268f2,2465dae850eae8a246bb01df229c79b75d4113380c6ef7a9b71a16314e4726b8,"ValueError: There was an error in one or more threads during a VMEC++ run:
Thread 1:
	FATAL ERROR in thread=1. The solver failed during the first iterations. This may happen if the initial boundary is poorly shaped or if it isn't spectrally condensed enough.
Thread 2:
	FATAL ERROR in thread=2. The solver failed during the first iterations. This may happen if the initial boundary is poorly shaped or if it isn't spectrally condensed enough.
Thread 0:
	FATAL ERROR in thread=0. The solver failed during the first iterations. This may happen if the initial boundary is poorly shaped or if it isn't spectrally condensed enough.
Thread 3:
	FATAL ERROR in thread=3. The solver failed during the first iterations. This may happen if the initial boundary is poorly shaped or if it isn't spectrally condensed enough.
"
660970,discovery,baseline,2,False,0.006080165998355369,1.309160458000406,,,,,,,03ce240005f471b2bcfd1a7d521ab82c7ff2db0685f33d8c74d460a9b028d1dc,6a617e8ce256a702b745bdde71d6997e803ac9dfa1138d362ee6c0637ee194a8,2465dae850eae8a246bb01df229c79b75d4113380c6ef7a9b71a16314e4726b8,"ValueError: There was an error in one or more threads during a VMEC++ run:
Thread 3:
	FATAL ERROR in thread=3. The solver failed during the first iterations. This may happen if the initial boundary is poorly shaped or if it isn't spectrally condensed enough.
Thread 0:
	FATAL ERROR in thread=0. The solver failed during the first iterations. This may happen if the initial boundary is poorly shaped or if it isn't spectrally condensed enough.
Thread 1:
	FATAL ERROR in thread=1. The solver failed during the first iterations. This may happen if the initial boundary is poorly shaped or if it isn't spectrally condensed enough.
Thread 2:
	FATAL ERROR in thread=2. The solver failed during the first iterations. This may happen if the initial boundary is poorly shaped or if it isn't spectrally condensed enough.
"
660970,discovery,candidate,2,False,0.006677749999653315,1.2528921670000273,,,,,,,03ce240005f471b2bcfd1a7d521ab82c7ff2db0685f33d8c74d460a9b028d1dc,6a617e8ce256a702b745bdde71d6997e803ac9dfa1138d362ee6c0637ee194a8,1a7c1c75ea349004161725842096d51274559ba63849880d707eee823cc42d67,"ValueError: There was an error in one or more threads during a VMEC++ run:
Thread 0:
	FATAL ERROR in thread=0. The solver failed during the first iterations. This may happen if the initial boundary is poorly shaped or if it isn't spectrally condensed enough.
"
220705,held-out,baseline,2,False,0.004841375000978587,1.2515120410007512,,,,,,,c04dc5010085ddd49b27372d3f6c964b470991adc9fc05eba7657ceaa091cc9e,682df94d35748d9128728284c2a587c3020e82b9528c19dff28cc266a9f1c0a2,2465dae850eae8a246bb01df229c79b75d4113380c6ef7a9b71a16314e4726b8,"ValueError: There was an error in one or more threads during a VMEC++ run:
Thread 0:
	FATAL ERROR in thread=0. The solver failed during the first iterations. This may happen if the initial boundary is poorly shaped or if it isn't spectrally condensed enough.
Thread 2:
	FATAL ERROR in thread=2. The solver failed during the first iterations. This may happen if the initial boundary is poorly shaped or if it isn't spectrally condensed enough.
Thread 3:
	FATAL ERROR in thread=3. The solver failed during the first iterations. This may happen if the initial boundary is poorly shaped or if it isn't spectrally condensed enough.
Thread 1:
	FATAL ERROR in thread=1. The solver failed during the first iterations. This may happen if the initial boundary is poorly shaped or if it isn't spectrally condensed enough.
"
220705,held-out,candidate,2,True,1.8157740419992479,3.478262624999843,2730,31,9.932984299594124e-10,2.789008508755679e-10,2.2532902461597388e-11,0.0015773181795228713,c04dc5010085ddd49b27372d3f6c964b470991adc9fc05eba7657ceaa091cc9e,682df94d35748d9128728284c2a587c3020e82b9528c19dff28cc266a9f1c0a2,1a7c1c75ea349004161725842096d51274559ba63849880d707eee823cc42d67,
1967022,discovery,candidate,0,False,0.006715999999869382,1.4062548330002755,,,,,,,187adeab0b56de29885f4d69798a8f3f29d7f2913279de64a00d12547e7d1e6d,b3c286bfe38f4d856a34ada3c15560e731eda3f32cce0c9c2ab02f8b2a6a3f5a,1a7c1c75ea349004161725842096d51274559ba63849880d707eee823cc42d67,"ValueError: There was an error in one or more threads during a VMEC++ run:
Thread 0:
	FATAL ERROR in thread=0. The solver failed during the first iterations. This may happen if the initial boundary is poorly shaped or if it isn't spectrally condensed enough.
"
1967022,discovery,baseline,0,False,0.0047745419997227145,1.198038375001488,,,,,,,187adeab0b56de29885f4d69798a8f3f29d7f2913279de64a00d12547e7d1e6d,b3c286bfe38f4d856a34ada3c15560e731eda3f32cce0c9c2ab02f8b2a6a3f5a,2465dae850eae8a246bb01df229c79b75d4113380c6ef7a9b71a16314e4726b8,"ValueError: There was an error in one or more threads during a VMEC++ run:
Thread 3:
	FATAL ERROR in thread=3. The solver failed during the first iterations. This may happen if the initial boundary is poorly shaped or if it isn't spectrally condensed enough.
Thread 0:
	FATAL ERROR in thread=0. The solver failed during the first iterations. This may happen if the initial boundary is poorly shaped or if it isn't spectrally condensed enough.
Thread 1:
	FATAL ERROR in thread=1. The solver failed during the first iterations. This may happen if the initial boundary is poorly shaped or if it isn't spectrally condensed enough.
Thread 2:
	FATAL ERROR in thread=2. The solver failed during the first iterations. This may happen if the initial boundary is poorly shaped or if it isn't spectrally condensed enough.
"
2039780,held-out,baseline,2,False,0.00428079199991771,1.2067623330003698,,,,,,,b390d4cfa334d51c112a6a73bef0c166d5d037c1899bf49202299c08f4cc98ac,69353447858c4bdc39e075f0180ce5269113a7f6d352748447a23dae26287d2d,2465dae850eae8a246bb01df229c79b75d4113380c6ef7a9b71a16314e4726b8,"ValueError: There was an error in one or more threads during a VMEC++ run:
Thread 3:
	FATAL ERROR in thread=3. The solver failed during the first iterations. This may happen if the initial boundary is poorly shaped or if it isn't spectrally condensed enough.
Thread 0:
	FATAL ERROR in thread=0. The solver failed during the first iterations. This may happen if the initial boundary is poorly shaped or if it isn't spectrally condensed enough.
Thread 2:
	FATAL ERROR in thread=2. The solver failed during the first iterations. This may happen if the initial boundary is poorly shaped or if it isn't spectrally condensed enough.
Thread 1:
	FATAL ERROR in thread=1. The solver failed during the first iterations. This may happen if the initial boundary is poorly shaped or if it isn't spectrally condensed enough.
"
2039780,held-out,candidate,2,False,0.004532791999736219,1.2536444580000534,,,,,,,b390d4cfa334d51c112a6a73bef0c166d5d037c1899bf49202299c08f4cc98ac,69353447858c4bdc39e075f0180ce5269113a7f6d352748447a23dae26287d2d,1a7c1c75ea349004161725842096d51274559ba63849880d707eee823cc42d67,"ValueError: There was an error in one or more threads during a VMEC++ run:
Thread 0:
	FATAL ERROR in thread=0. The solver failed during the first iterations. This may happen if the initial boundary is poorly shaped or if it isn't spectrally condensed enough.
"
134699,discovery,baseline,2,False,0.003973584000050323,1.259911083001498,,,,,,,7800cdb449ed1d2e2145d22c679cbd0e498efcbe729b5a10134581816b76bbd6,650e7de9aac1d76fd763a8dccaac7c84911123f2c75145488ad1f8a3bfa8300c,2465dae850eae8a246bb01df229c79b75d4113380c6ef7a9b71a16314e4726b8,"ValueError: There was an error in one or more threads during a VMEC++ run:
Thread 3:
	FATAL ERROR in thread=3. The solver failed during the first iterations. This may happen if the initial boundary is poorly shaped or if it isn't spectrally condensed enough.
Thread 1:
	FATAL ERROR in thread=1. The solver failed during the first iterations. This may happen if the initial boundary is poorly shaped or if it isn't spectrally condensed enough.
Thread 0:
	FATAL ERROR in thread=0. The solver failed during the first iterations. This may happen if the initial boundary is poorly shaped or if it isn't spectrally condensed enough.
Thread 2:
	FATAL ERROR in thread=2. The solver failed during the first iterations. This may happen if the initial boundary is poorly shaped or if it isn't spectrally condensed enough.
"
134699,discovery,candidate,2,True,0.8865634580015467,2.455579249999573,1333,31,9.369894432419227e-10,6.158022787416943e-10,3.395483314019421e-10,0.006189523032285659,7800cdb449ed1d2e2145d22c679cbd0e498efcbe729b5a10134581816b76bbd6,650e7de9aac1d76fd763a8dccaac7c84911123f2c75145488ad1f8a3bfa8300c,1a7c1c75ea349004161725842096d51274559ba63849880d707eee823cc42d67,
929630,held-out,candidate,0,False,0.004978875000233529,1.2741931660002592,,,,,,,3bbe472ebddef2c2332263c755818d24cc6d0f84af2680fc8c892e87dd53fb09,ce9e70a278cff6b6eb32ed3821158a813ca5f47d713a7752515aee7109a37481,1a7c1c75ea349004161725842096d51274559ba63849880d707eee823cc42d67,"ValueError: There was an error in one or more threads during a VMEC++ run:
Thread 0:
	FATAL ERROR in thread=0. The solver failed during the first iterations. This may happen if the initial boundary is poorly shaped or if it isn't spectrally condensed enough.
"
929630,held-out,baseline,0,False,0.00397795800017775,1.2992925420003303,,,,,,,3bbe472ebddef2c2332263c755818d24cc6d0f84af2680fc8c892e87dd53fb09,ce9e70a278cff6b6eb32ed3821158a813ca5f47d713a7752515aee7109a37481,2465dae850eae8a246bb01df229c79b75d4113380c6ef7a9b71a16314e4726b8,"ValueError: There was an error in one or more threads during a VMEC++ run:
Thread 1:
	FATAL ERROR in thread=1. The solver failed during the first iterations. This may happen if the initial boundary is poorly shaped or if it isn't spectrally condensed enough.
Thread 0:
	FATAL ERROR in thread=0. The solver failed during the first iterations. This may happen if the initial boundary is poorly shaped or if it isn't spectrally condensed enough.
Thread 3:
	FATAL ERROR in thread=3. The solver failed during the first iterations. This may happen if the initial boundary is poorly shaped or if it isn't spectrally condensed enough.
Thread 2:
	FATAL ERROR in thread=2. The solver failed during the first iterations. This may happen if the initial boundary is poorly shaped or if it isn't spectrally condensed enough.
"
2012413,held-out,baseline,2,False,0.004215832999761915,1.3618019160003314,,,,,,,82982e21df417b9ac7a63fc206625a9ef46915c57d7e7c9d9ff8cc0f7572dd56,d5aa02f77ee9aaac8bfd8f7f79e537708b387d9b89e5b000815222c33d709f1f,2465dae850eae8a246bb01df229c79b75d4113380c6ef7a9b71a16314e4726b8,"ValueError: There was an error in one or more threads during a VMEC++ run:
Thread 0:
	FATAL ERROR in thread=0. The solver failed during the first iterations. This may happen if the initial boundary is poorly shaped or if it isn't spectrally condensed enough.
Thread 3:
	FATAL ERROR in thread=3. The solver failed during the first iterations. This may happen if the initial boundary is poorly shaped or if it isn't spectrally condensed enough.
Thread 2:
	FATAL ERROR in thread=2. The solver failed during the first iterations. This may happen if the initial boundary is poorly shaped or if it isn't spectrally condensed enough.
Thread 1:
	FATAL ERROR in thread=1. The solver failed during the first iterations. This may happen if the initial boundary is poorly shaped or if it isn't spectrally condensed enough.
"
2012413,held-out,candidate,2,True,1.6285260829990875,3.2188466249990597,2239,31,9.76052456424099e-10,6.302145377818922e-10,1.8780535343330636e-10,0.006084771724026947,82982e21df417b9ac7a63fc206625a9ef46915c57d7e7c9d9ff8cc0f7572dd56,d5aa02f77ee9aaac8bfd8f7f79e537708b387d9b89e5b000815222c33d709f1f,1a7c1c75ea349004161725842096d51274559ba63849880d707eee823cc42d67,
2048152,held-out,candidate,0,False,0.005459833000713843,1.3218662079998467,,,,,,,90ecaac396406a4eba907f89ff8451642c9f73a68a0c033958e543b0b3f5ba65,44654241662039e0490a405408d45a9125a25b848f0833d48c093d02a5db9571,1a7c1c75ea349004161725842096d51274559ba63849880d707eee823cc42d67,"ValueError: There was an error in one or more threads during a VMEC++ run:
Thread 0:
	FATAL ERROR in thread=0. The solver failed during the first iterations. This may happen if the initial boundary is poorly shaped or if it isn't spectrally condensed enough.
"
2048152,held-out,baseline,0,False,0.0053464169996004784,1.3597632919991156,,,,,,,90ecaac396406a4eba907f89ff8451642c9f73a68a0c033958e543b0b3f5ba65,44654241662039e0490a405408d45a9125a25b848f0833d48c093d02a5db9571,2465dae850eae8a246bb01df229c79b75d4113380c6ef7a9b71a16314e4726b8,"ValueError: There was an error in one or more threads during a VMEC++ run:
Thread 2:
	FATAL ERROR in thread=2. The solver failed during the first iterations. This may happen if the initial boundary is poorly shaped or if it isn't spectrally condensed enough.
Thread 1:
	FATAL ERROR in thread=1. The solver failed during the first iterations. This may happen if the initial boundary is poorly shaped or if it isn't spectrally condensed enough.
Thread 3:
	FATAL ERROR in thread=3. The solver failed during the first iterations. This may happen if the initial boundary is poorly shaped or if it isn't spectrally condensed enough.
Thread 0:
	FATAL ERROR in thread=0. The solver failed during the first iterations. This may happen if the initial boundary is poorly shaped or if it isn't spectrally condensed enough.
"
1967022,discovery,candidate,2,False,0.00498866599991743,1.3104284159999224,,,,,,,187adeab0b56de29885f4d69798a8f3f29d7f2913279de64a00d12547e7d1e6d,b3c286bfe38f4d856a34ada3c15560e731eda3f32cce0c9c2ab02f8b2a6a3f5a,1a7c1c75ea349004161725842096d51274559ba63849880d707eee823cc42d67,"ValueError: There was an error in one or more threads during a VMEC++ run:
Thread 0:
	FATAL ERROR in thread=0. The solver failed during the first iterations. This may happen if the initial boundary is poorly shaped or if it isn't spectrally condensed enough.
"
1967022,discovery,baseline,2,False,0.006273082999541657,1.362800833001529,,,,,,,187adeab0b56de29885f4d69798a8f3f29d7f2913279de64a00d12547e7d1e6d,b3c286bfe38f4d856a34ada3c15560e731eda3f32cce0c9c2ab02f8b2a6a3f5a,2465dae850eae8a246bb01df229c79b75d4113380c6ef7a9b71a16314e4726b8,"ValueError: There was an error in one or more threads during a VMEC++ run:
Thread 1:
	FATAL ERROR in thread=1. The solver failed during the first iterations. This may happen if the initial boundary is poorly shaped or if it isn't spectrally condensed enough.
Thread 0:
	FATAL ERROR in thread=0. The solver failed during the first iterations. This may happen if the initial boundary is poorly shaped or if it isn't spectrally condensed enough.
Thread 2:
	FATAL ERROR in thread=2. The solver failed during the first iterations. This may happen if the initial boundary is poorly shaped or if it isn't spectrally condensed enough.
Thread 3:
	FATAL ERROR in thread=3. The solver failed during the first iterations. This may happen if the initial boundary is poorly shaped or if it isn't spectrally condensed enough.
"
1611132,held-out,baseline,0,False,0.004321708000134095,1.2543005000006815,,,,,,,1a7ab9644f9c7fb303cbba34213ab9467fba2e5fbbb697f9dbc65e418f1be8d2,7daed5ec563d09527dcb3017729fa320650507f2465aceab07b953fed5beafce,2465dae850eae8a246bb01df229c79b75d4113380c6ef7a9b71a16314e4726b8,"ValueError: There was an error in one or more threads during a VMEC++ run:
Thread 3:
	FATAL ERROR in thread=3. The solver failed during the first iterations. This may happen if the initial boundary is poorly shaped or if it isn't spectrally condensed enough.
Thread 2:
	FATAL ERROR in thread=2. The solver failed during the first iterations. This may happen if the initial boundary is poorly shaped or if it isn't spectrally condensed enough.
Thread 0:
	FATAL ERROR in thread=0. The solver failed during the first iterations. This may happen if the initial boundary is poorly shaped or if it isn't spectrally condensed enough.
Thread 1:
	FATAL ERROR in thread=1. The solver failed during the first iterations. This may happen if the initial boundary is poorly shaped or if it isn't spectrally condensed enough.
"
1611132,held-out,candidate,0,False,0.005797750000056112,1.3519377920001716,,,,,,,1a7ab9644f9c7fb303cbba34213ab9467fba2e5fbbb697f9dbc65e418f1be8d2,7daed5ec563d09527dcb3017729fa320650507f2465aceab07b953fed5beafce,1a7c1c75ea349004161725842096d51274559ba63849880d707eee823cc42d67,"ValueError: There was an error in one or more threads during a VMEC++ run:
Thread 0:
	FATAL ERROR in thread=0. The solver failed during the first iterations. This may happen if the initial boundary is poorly shaped or if it isn't spectrally condensed enough.
"
205887,held-out,candidate,2,False,0.006359457998769358,1.3096797090001928,,,,,,,2c5aa222520561e783d427f34c9e545f38341dfc636482bbbd733daa8b153f86,1c9fa231c750aa5ad0ff51ad5c6706bbe27e1900aa7f367b82395ea3e3129301,1a7c1c75ea349004161725842096d51274559ba63849880d707eee823cc42d67,"ValueError: There was an error in one or more threads during a VMEC++ run:
Thread 0:
	FATAL ERROR in thread=0. The solver failed during the first iterations. This may happen if the initial boundary is poorly shaped or if it isn't spectrally condensed enough.
"
205887,held-out,baseline,2,False,0.004091417000381625,1.314151792001212,,,,,,,2c5aa222520561e783d427f34c9e545f38341dfc636482bbbd733daa8b153f86,1c9fa231c750aa5ad0ff51ad5c6706bbe27e1900aa7f367b82395ea3e3129301,2465dae850eae8a246bb01df229c79b75d4113380c6ef7a9b71a16314e4726b8,"ValueError: There was an error in one or more threads during a VMEC++ run:
Thread 1:
	FATAL ERROR in thread=1. The solver failed during the first iterations. This may happen if the initial boundary is poorly shaped or if it isn't spectrally condensed enough.
Thread 3:
	FATAL ERROR in thread=3. The solver failed during the first iterations. This may happen if the initial boundary is poorly shaped or if it isn't spectrally condensed enough.
Thread 2:
	FATAL ERROR in thread=2. The solver failed during the first iterations. This may happen if the initial boundary is poorly shaped or if it isn't spectrally condensed enough.
Thread 0:
	FATAL ERROR in thread=0. The solver failed during the first iterations. This may happen if the initial boundary is poorly shaped or if it isn't spectrally condensed enough.
"
660970,discovery,baseline,1,False,0.007065292000334011,1.3041840000005323,,,,,,,03ce240005f471b2bcfd1a7d521ab82c7ff2db0685f33d8c74d460a9b028d1dc,6a617e8ce256a702b745bdde71d6997e803ac9dfa1138d362ee6c0637ee194a8,2465dae850eae8a246bb01df229c79b75d4113380c6ef7a9b71a16314e4726b8,"ValueError: There was an error in one or more threads during a VMEC++ run:
Thread 2:
	FATAL ERROR in thread=2. The solver failed during the first iterations. This may happen if the initial boundary is poorly shaped or if it isn't spectrally condensed enough.
Thread 3:
	FATAL ERROR in thread=3. The solver failed during the first iterations. This may happen if the initial boundary is poorly shaped or if it isn't spectrally condensed enough.
Thread 1:
	FATAL ERROR in thread=1. The solver failed during the first iterations. This may happen if the initial boundary is poorly shaped or if it isn't spectrally condensed enough.
Thread 0:
	FATAL ERROR in thread=0. The solver failed during the first iterations. This may happen if the initial boundary is poorly shaped or if it isn't spectrally condensed enough.
"
660970,discovery,candidate,1,False,0.005943500000284985,1.2653978329999518,,,,,,,03ce240005f471b2bcfd1a7d521ab82c7ff2db0685f33d8c74d460a9b028d1dc,6a617e8ce256a702b745bdde71d6997e803ac9dfa1138d362ee6c0637ee194a8,1a7c1c75ea349004161725842096d51274559ba63849880d707eee823cc42d67,"ValueError: There was an error in one or more threads during a VMEC++ run:
Thread 0:
	FATAL ERROR in thread=0. The solver failed during the first iterations. This may happen if the initial boundary is poorly shaped or if it isn't spectrally condensed enough.
"
1681907,held-out,baseline,0,False,0.004243875000611297,1.2479261249991396,,,,,,,a3305eac3f02f07316cc1734796c0368dc3d8c8ef757de9b2269aeedd495564c,7363c91283c4c5fc67d2ec6ab49be15168c9a309daf01f6bae55638f1608ef00,2465dae850eae8a246bb01df229c79b75d4113380c6ef7a9b71a16314e4726b8,"ValueError: There was an error in one or more threads during a VMEC++ run:
Thread 2:
	FATAL ERROR in thread=2. The solver failed during the first iterations. This may happen if the initial boundary is poorly shaped or if it isn't spectrally condensed enough.
Thread 0:
	FATAL ERROR in thread=0. The solver failed during the first iterations. This may happen if the initial boundary is poorly shaped or if it isn't spectrally condensed enough.
Thread 1:
	FATAL ERROR in thread=1. The solver failed during the first iterations. This may happen if the initial boundary is poorly shaped or if it isn't spectrally condensed enough.
Thread 3:
	FATAL ERROR in thread=3. The solver failed during the first iterations. This may happen if the initial boundary is poorly shaped or if it isn't spectrally condensed enough.
"
1681907,held-out,candidate,0,True,0.8767331660001219,2.3393929160010885,1332,31,9.826246872324907e-10,5.725683768967478e-10,2.3103305116073948e-10,0.00946965364596988,a3305eac3f02f07316cc1734796c0368dc3d8c8ef757de9b2269aeedd495564c,7363c91283c4c5fc67d2ec6ab49be15168c9a309daf01f6bae55638f1608ef00,1a7c1c75ea349004161725842096d51274559ba63849880d707eee823cc42d67,
1861414,held-out,baseline,0,False,0.004317249999076012,1.3112805000000662,,,,,,,d10cd53a3bac0f5beabd362395f63c32bd3493493ff207b04536f446aab04c21,e180f00bbe2dfa527017b3bd742c1683d48e9ad91e77bc41a373d379247b4c62,2465dae850eae8a246bb01df229c79b75d4113380c6ef7a9b71a16314e4726b8,"ValueError: There was an error in one or more threads during a VMEC++ run:
Thread 3:
	FATAL ERROR in thread=3. The solver failed during the first iterations. This may happen if the initial boundary is poorly shaped or if it isn't spectrally condensed enough.
Thread 0:
	FATAL ERROR in thread=0. The solver failed during the first iterations. This may happen if the initial boundary is poorly shaped or if it isn't spectrally condensed enough.
Thread 2:
	FATAL ERROR in thread=2. The solver failed during the first iterations. This may happen if the initial boundary is poorly shaped or if it isn't spectrally condensed enough.
Thread 1:
	FATAL ERROR in thread=1. The solver failed during the first iterations. This may happen if the initial boundary is poorly shaped or if it isn't spectrally condensed enough.
"
1861414,held-out,candidate,0,False,3.2734402919995773,4.549268624999968,,,,,,,d10cd53a3bac0f5beabd362395f63c32bd3493493ff207b04536f446aab04c21,e180f00bbe2dfa527017b3bd742c1683d48e9ad91e77bc41a373d379247b4c62,1a7c1c75ea349004161725842096d51274559ba63849880d707eee823cc42d67,"ValueError: FATAL ERROR in SolveEquilibrium: JACOBIAN_75_TIMES_BAD The jacobian factor of the geometry repeatedly became negative, indicating that flux surfaces become self-intersecting. This can mean that your prescribed boundary is too shaped for VMEC to resolve
VmecINDATA had these contents:
{""ac"":[1.0,-1.0],""ac_aux_f"":[],""ac_aux_s"":[],""ai"":[],""ai_aux_f"":[],""ai_aux_s"":[],""am"":[1.0,-1.0],""am_aux_f"":[],""am_aux_s"":[],""aphi"":[1.0],""bloat"":1.0,""curtor"":0.0,""delt"":1.0,""extcur"":[-281259.11907075864],""free_boundary_method"":""nestor"",""ftol_array"":[1e-09,1e-09,1e-09],""gamma"":0.0,""iteration_style"":""vmec_8_52"",""lasym"":false,""lforbal"":false,""lfreeb"":true,""mgrid_file"":""NONE"",""mpol"":6,""mpol_geometry"":-1,""ncurr"":1,""nfp"":5,""niter_array"":[4000,4000,4000],""ns_array"":[8,16,31],""nstep"":200,""ntheta"":0,""ntor"":6,""ntor_geometry"":-1,""nvacskip"":6,""nzeta"":24,""pcurr_type"":""power_series"",""phiedge"":0.0034423709735137862,""piota_type"":""power_series"",""pmass_type"":""power_series"",""pres_scale"":0.0,""raxis_c"":[0.9905602302376832,0.0,0.0,0.0,0.0,0.0,0.0],""rbc"":[{""m"":0,""n"":0,""value"":0.9905602302376832},{""m"":0,""n"":1,""value"":0.1833950768881539},{""m"":0,""n"":2,""value"":0.026123188584208337},{""m"":0,""n"":3,""value"":0.004831399160382497},{""m"":0,""n"":4,""value"":0.0022223824706379966},{""m"":0,""n"":5,""value"":0.0006700286240069475},{""m"":0,""n"":6,""value"":0.00014995289936313148},{""m"":1,""n"":-6,""value"":0.00018933190512455166},{""m"":1,""n"":-5,""value"":0.00010138032566339149},{""m"":1,""n"":-4,""value"":0.00010936687965699337},{""m"":1,""n"":-3,""value"":0.00033369649135863084},{""m"":1,""n"":-2,""value"":-0.004806227597824106},{""m"":1,""n"":-1,""value"":-0.023499846728269446},{""m"":1,""n"":0,""value"":-0.05607405894881812},{""m"":1,""n"":1,""value"":0.013930465396842737},{""m"":1,""n"":2,""value"":0.036614534890068225},{""m"":1,""n"":3,""value"":0.012209204544466164},{""m"":1,""n"":4,""value"":0.002141105804252276},{""m"":1,""n"":5,""value"":0.0009668044367365442},{""m"":1,""n"":6,""value"":0.0001717529945885764},{""m"":2,""n"":-6,""value"":-6.049691298730296e-05},{""m"":2,""n"":-5,""value"":2.7979988308792305e-05},{""m"":2,""n"":-4,""value"":8.881815087107348e-05},{""m"":2,""n"":-3,""value"":-0.0002455947476811568},{""m"":2,""n"":-2,""value"":-0.0010708802094447842},{""m"":2,""n"":-1,""value"":-0.0025752931395714483},{""m"":2,""n"":0,""value"":-0.0027698386402737517},{""m"":2,""n"":1,""value"":0.0019765437373683897},{""m"":2,""n"":2,""value"":0.0057101297994972},{""m"":2,""n"":3,""value"":0.00820996621548706},{""m"":2,""n"":4,""value"":0.0026949627021314484},{""m"":2,""n"":5,""value"":6.560110414843518e-05},{""m"":2,""n"":6,""value"":5.6812062305488084e-05},{""m"":3,""n"":-6,""value"":1.0617975707015424e-05},{""m"":3,""n"":-5,""value"":-5.852603244186551e-06},{""m"":3,""n"":-4,""value"":-4.0399806622731015e-05},{""m"":3,""n"":-3,""value"":-6.768294802717503e-05},{""m"":3,""n"":-2,""value"":-5.129668503170373e-05},{""m"":3,""n"":-1,""value"":-0.0002297239131041437},{""m"":3,""n"":0,""value"":-0.0005093952354704526},{""m"":3,""n"":1,""value"":-0.00018442614337471446},{""m"":3,""n"":2,""value"":0.0011948929067788431},{""m"":3,""n"":3,""value"":0.002190718183494784},{""m"":3,""n"":4,""value"":0.002005091140417055},{""m"":3,""n"":5,""value"":0.0003658599932145513},{""m"":3,""n"":6,""value"":-0.00028485508780817857},{""m"":4,""n"":-6,""value"":-3.6613705318809306e-07},{""m"":4,""n"":-5,""value"":-3.367762359488641e-06},{""m"":4,""n"":-4,""value"":-8.482579936722271e-06},{""m"":4,""n"":-3,""value"":-1.664439081278634e-05},{""m"":4,""n"":-2,""value"":-2.5632343620511597e-05},{""m"":4,""n"":-1,""value"":-3.1209594051385935e-05},{""m"":4,""n"":0,""value"":-4.5378550290918205e-05},{""m"":4,""n"":1,""value"":-0.0001571482038862135},{""m"":4,""n"":2,""value"":0.00014545494950302522},{""m"":4,""n"":3,""value"":0.0006790813796448302},{""m"":4,""n"":4,""value"":0.0007937284777664199},{""m"":4,""n"":5,""value"":0.00047155716968287685},{""m"":4,""n"":6,""value"":-6.489967375331403e-05},{""m"":5,""n"":-6,""value"":1.257837888598188e-06},{""m"":5,""n"":-5,""value"":-5.785093819824005e-08},{""m"":5,""n"":-4,""value"":-1.8446863915071197e-06},{""m"":5,""n"":-3,""value"":-2.564480570974202e-06},{""m"":5,""n"":-2,""value"":-2.98196307848201e-07},{""m"":5,""n"":-1,""value"":9.062459501004841e-07},{""m"":5,""n"":0,""value"":-1.405442797848297e-05},{""m"":5,""n"":1,""value"":5.357683101012888e-05},{""m"":5,""n"":2,""value"":-1.0534603735660048e-05},{""m"":5,""n"":3,""value"":-2.514518926027591e-05},{""m"":5,""n"":4,""value"":0.00025807626363388554},{""m"":5,""n"":5,""value"":0.0002596678621432496},{""m"":5,""n"":6,""value"":8.303416595581154e-05}],""return_outputs_even_if_not_converged"":false,""spres_ped"":1.0,""tcon0"":1.0,""zaxis_s"":[0.0,0.0,0.0,0.0,0.0,0.0,0.0],""zbs"":[{""m"":0,""n"":1,""value"":0.1598032808576835},{""m"":0,""n"":2,""value"":0.029406622909661197},{""m"":0,""n"":3,""value"":0.003107329431583537},{""m"":0,""n"":4,""value"":0.0002537425569723827},{""m"":0,""n"":5,""value"":0.0003440565045841323},{""m"":0,""n"":6,""value"":0.00027428196042902453},{""m"":1,""n"":-6,""value"":-0.00015251869035967094},{""m"":1,""n"":-5,""value"":-0.00012959713812976125},{""m"":1,""n"":-4,""value"":-5.172194718310975e-05},{""m"":1,""n"":-3,""value"":0.00019966779034744333},{""m"":1,""n"":-2,""value"":0.0065261540858322625},{""m"":1,""n"":-1,""value"":0.014413124426317437},{""m"":1,""n"":0,""value"":0.055577559509963646},{""m"":1,""n"":1,""value"":0.011384174205225398},{""m"":1,""n"":2,""value"":0.03332085565016221},{""m"":1,""n"":3,""value"":0.010056093009096746},{""m"":1,""n"":4,""value"":0.002091643243526217},{""m"":1,""n"":5,""value"":0.0005454597086806645},{""m"":1,""n"":6,""value"":3.40323778529932e-05},{""m"":2,""n"":-6,""value"":2.8816277272759602e-05},{""m"":2,""n"":-5,""value"":-1.7782627139926264e-05},{""m"":2,""n"":-4,""value"":-8.67167690657443e-05},{""m"":2,""n"":-3,""value"":-0.00018499972730193532},{""m"":2,""n"":-2,""value"":-0.000177869682027128},{""m"":2,""n"":-1,""value"":0.0006201241550191673},{""m"":2,""n"":0,""value"":-0.000646657995472499},{""m"":2,""n"":1,""value"":0.00360377056908812},{""m"":2,""n"":2,""value"":0.004700673249458045},{""m"":2,""n"":3,""value"":0.007514710529997975},{""m"":2,""n"":4,""value"":0.0027294051283229654},{""m"":2,""n"":5,""value"":0.0006136419019924926},{""m"":2,""n"":6,""value"":0.0002434155985658903},{""m"":3,""n"":-6,""value"":9.625090467163068e-06},{""m"":3,""n"":-5,""value"":1.6246315836982422e-05},{""m"":3,""n"":-4,""value"":2.1017693622593358e-05},{""m"":3,""n"":-3,""value"":2.6421340699152104e-05},{""m"":3,""n"":-2,""value"":-3.3566835030681e-05},{""m"":3,""n"":-1,""value"":-8.456281855639288e-05},{""m"":3,""n"":0,""value"":-0.00024343716595208085},{""m"":3,""n"":1,""value"":0.00026740428594129544},{""m"":3,""n"":2,""value"":0.001462461100723964},{""m"":3,""n"":3,""value"":0.0019550642122952372},{""m"":3,""n"":4,""value"":0.0019298617936122885},{""m"":3,""n"":5,""value"":0.0005845847818716877},{""m"":3,""n"":6,""value"":3.7735051235458114e-05},{""m"":4,""n"":-6,""value"":9.240160862641496e-07},{""m"":4,""n"":-5,""value"":1.125236957857323e-06},{""m"":4,""n"":-4,""value"":4.835265955570253e-06},{""m"":4,""n"":-3,""value"":1.335929627420218e-05},{""m"":4,""n"":-2,""value"":1.7322500015300067e-05},{""m"":4,""n"":-1,""value"":7.847987384633444e-06},{""m"":4,""n"":0,""value"":-6.096112432048833e-05},{""m"":4,""n"":1,""value"":0.0001344740626681932},{""m"":4,""n"":2,""value"":0.00015001236099967496},{""m"":4,""n"":3,""value"":0.0007260512519602182},{""m"":4,""n"":4,""value"":0.000748841388055288},{""m"":4,""n"":5,""value"":0.0005149410211038639},{""m"":4,""n"":6,""value"":8.037339752260949e-05},{""m"":5,""n"":-6,""value"":1.429187042756651e-06},{""m"":5,""n"":-5,""value"":1.1960660908515196e-06},{""m"":5,""n"":-4,""value"":2.1034758067822573e-06},{""m"":5,""n"":-3,""value"":2.4259923310793085e-06},{""m"":5,""n"":-2,""value"":1.5814703604972395e-06},{""m"":5,""n"":-1,""value"":-8.53839940187743e-06},{""m"":5,""n"":0,""value"":1.8368907708265124e-05},{""m"":5,""n"":1,""value"":-0.000122274777481264},{""m"":5,""n"":2,""value"":0.00021230046680855244},{""m"":5,""n"":3,""value"":-8.456876255534978e-06},{""m"":5,""n"":4,""value"":0.00028378166423655013},{""m"":5,""n"":5,""value"":0.0002604436347802442},{""m"":5,""n"":6,""value"":0.00012770097178065065}]}"
916448,held-out,baseline,0,False,0.004779332999532926,1.3536602920012228,,,,,,,df5563f2249d9a7f2b8249b4e5918fac6bf4fcd8d6f91a4a9d422d8ad26087a8,9acd3e0ef4ceacc564417158240470b1f127d0c4275d1045afc787d378f7b768,2465dae850eae8a246bb01df229c79b75d4113380c6ef7a9b71a16314e4726b8,"ValueError: There was an error in one or more threads during a VMEC++ run:
Thread 1:
	FATAL ERROR in thread=1. The solver failed during the first iterations. This may happen if the initial boundary is poorly shaped or if it isn't spectrally condensed enough.
Thread 3:
	FATAL ERROR in thread=3. The solver failed during the first iterations. This may happen if the initial boundary is poorly shaped or if it isn't spectrally condensed enough.
Thread 0:
	FATAL ERROR in thread=0. The solver failed during the first iterations. This may happen if the initial boundary is poorly shaped or if it isn't spectrally condensed enough.
Thread 2:
	FATAL ERROR in thread=2. The solver failed during the first iterations. This may happen if the initial boundary is poorly shaped or if it isn't spectrally condensed enough.
"
916448,held-out,candidate,0,False,0.1309246670007269,1.4538450419986475,,,,,,,df5563f2249d9a7f2b8249b4e5918fac6bf4fcd8d6f91a4a9d422d8ad26087a8,9acd3e0ef4ceacc564417158240470b1f127d0c4275d1045afc787d378f7b768,1a7c1c75ea349004161725842096d51274559ba63849880d707eee823cc42d67,"ValueError: FATAL ERROR in SolveEquilibrium: JACOBIAN_75_TIMES_BAD The jacobian factor of the geometry repeatedly became negative, indicating that flux surfaces become self-intersecting. This can mean that your prescribed boundary is too shaped for VMEC to resolve
VmecINDATA had these contents:
{""ac"":[1.0,-1.0],""ac_aux_f"":[],""ac_aux_s"":[],""ai"":[],""ai_aux_f"":[],""ai_aux_s"":[],""am"":[1.0,-1.0],""am_aux_f"":[],""am_aux_s"":[],""aphi"":[1.0],""bloat"":1.0,""curtor"":0.0,""delt"":1.0,""extcur"":[-840271.3175582152],""free_boundary_method"":""nestor"",""ftol_array"":[1e-09,1e-09,1e-09],""gamma"":0.0,""iteration_style"":""vmec_8_52"",""lasym"":false,""lforbal"":false,""lfreeb"":true,""mgrid_file"":""NONE"",""mpol"":6,""mpol_geometry"":-1,""ncurr"":1,""nfp"":3,""niter_array"":[4000,4000,4000],""ns_array"":[8,16,31],""nstep"":200,""ntheta"":0,""ntor"":6,""ntor_geometry"":-1,""nvacskip"":6,""nzeta"":24,""pcurr_type"":""power_series"",""phiedge"":0.031173814338184988,""piota_type"":""power_series"",""pmass_type"":""power_series"",""pres_scale"":0.0,""raxis_c"":[1.0279688647627707,0.0,0.0,0.0,0.0,0.0,0.0],""rbc"":[{""m"":0,""n"":0,""value"":1.0279688647627707},{""m"":0,""n"":1,""value"":0.03148080449875809},{""m"":0,""n"":2,""value"":0.0008407610950400134},{""m"":0,""n"":3,""value"":3.3184178486408744e-05},{""m"":0,""n"":4,""value"":4.8806805878763935e-05},{""m"":0,""n"":5,""value"":1.2884442924092712e-07},{""m"":0,""n"":6,""value"":-6.851192919654278e-07},{""m"":1,""n"":-6,""value"":-3.882750279995283e-07},{""m"":1,""n"":-5,""value"":-1.9463751733102514e-06},{""m"":1,""n"":-4,""value"":-5.261438957466139e-06},{""m"":1,""n"":-3,""value"":0.00010365720480559665},{""m"":1,""n"":-2,""value"":-0.00027660791732053605},{""m"":1,""n"":-1,""value"":-0.0009069734231816544},{""m"":1,""n"":0,""value"":-0.103844495656083},{""m"":1,""n"":1,""value"":0.025273566230200686},{""m"":1,""n"":2,""value"":0.0001322782341499259},{""m"":1,""n"":3,""value"":-0.0002595268080817096},{""m"":1,""n"":4,""value"":-5.726650559718659e-05},{""m"":1,""n"":5,""value"":-3.2638570601932098e-06},{""m"":1,""n"":6,""value"":-1.2156168942640821e-06},{""m"":2,""n"":-6,""value"":6.576637914148568e-09},{""m"":2,""n"":-5,""value"":-7.737474209508385e-07},{""m"":2,""n"":-4,""value"":4.570185324931659e-06},{""m"":2,""n"":-3,""value"":4.7118374019509617e-05},{""m"":2,""n"":-2,""value"":-0.00026169631148875917},{""m"":2,""n"":-1,""value"":-0.0009272615277978448},{""m"":2,""n"":0,""value"":-0.02156323541099451},{""m"":2,""n"":1,""value"":0.016560279756639647},{""m"":2,""n"":2,""value"":0.0011847449463577998},{""m"":2,""n"":3,""value"":-0.00019026845840029177},{""m"":2,""n"":4,""value"":-3.720169702921421e-05},{""m"":2,""n"":5,""value"":-4.883868114970978e-06},{""m"":2,""n"":6,""value"":-4.9114708001184e-07},{""m"":3,""n"":-6,""value"":3.4228281721866995e-08},{""m"":3,""n"":-5,""value"":-3.195309879153459e-07},{""m"":3,""n"":-4,""value"":3.983586342937254e-07},{""m"":3,""n"":-3,""value"":1.7435560234126012e-05},{""m"":3,""n"":-2,""value"":-2.0327924710596456e-05},{""m"":3,""n"":-1,""value"":0.0004141717972956438},{""m"":3,""n"":0,""value"":-0.005662510840269214},{""m"":3,""n"":1,""value"":0.00883460828441955},{""m"":3,""n"":2,""value"":0.0012403888145047996},{""m"":3,""n"":3,""value"":-4.595639077242569e-05},{""m"":3,""n"":4,""value"":-2.9870860195385045e-05},{""m"":3,""n"":5,""value"":-4.9541533235351835e-06},{""m"":3,""n"":6,""value"":-4.569283202191983e-07},{""m"":4,""n"":-6,""value"":1.3750793973764682e-08},{""m"":4,""n"":-5,""value"":-1.2351318348317314e-07},{""m"":4,""n"":-4,""value"":-5.162554388745356e-09},{""m"":4,""n"":-3,""value"":9.597327466365913e-06},{""m"":4,""n"":-2,""value"":4.703327248398725e-05},{""m"":4,""n"":-1,""value"":0.00041434605579654724},{""m"":4,""n"":0,""value"":-0.0017501422483544896},{""m"":4,""n"":1,""value"":0.004153411954812245},{""m"":4,""n"":2,""value"":0.0009867360460666325},{""m"":4,""n"":3,""value"":4.1621868232139836e-05},{""m"":4,""n"":4,""value"":-2.006714214907473e-05},{""m"":4,""n"":5,""value"":-4.386175418748512e-06},{""m"":4,""n"":6,""value"":-4.638578678005959e-07},{""m"":5,""n"":-6,""value"":-1.8475255339734976e-08},{""m"":5,""n"":-5,""value"":-6.175413215489571e-09},{""m"":5,""n"":-4,""value"":2.7653775837724876e-07},{""m"":5,""n"":-3,""value"":5.164815116087939e-06},{""m"":5,""n"":-2,""value"":3.2380715071295584e-05},{""m"":5,""n"":-1,""value"":0.00019946021550834144},{""m"":5,""n"":0,""value"":-0.0005314328328675262},{""m"":5,""n"":1,""value"":0.0017807158264327913},{""m"":5,""n"":2,""value"":0.0006948830644870133},{""m"":5,""n"":3,""value"":7.336771749057526e-05},{""m"":5,""n"":4,""value"":-1.1226408670488765e-05},{""m"":5,""n"":5,""value"":-3.6344188364172523e-06},{""m"":5,""n"":6,""value"":-4.513699583774949e-07}],""return_outputs_even_if_not_converged"":false,""spres_ped"":1.0,""tcon0"":1.0,""zaxis_s"":[0.0,0.0,0.0,0.0,0.0,0.0,0.0],""zbs"":[{""m"":0,""n"":1,""value"":0.026765111769038605},{""m"":0,""n"":2,""value"":0.0008315068887000394},{""m"":0,""n"":3,""value"":0.00015479450542843013},{""m"":0,""n"":4,""value"":1.0368932042066113e-05},{""m"":0,""n"":5,""value"":7.131226623705379e-06},{""m"":0,""n"":6,""value"":-5.741584425098759e-07},{""m"":1,""n"":-6,""value"":7.950190469005049e-07},{""m"":1,""n"":-5,""value"":4.0097324822245914e-06},{""m"":1,""n"":-4,""value"":1.2089315396794848e-05},{""m"":1,""n"":-3,""value"":0.00016732494907782403},{""m"":1,""n"":-2,""value"":0.0005346582951876217},{""m"":1,""n"":-1,""value"":0.004471031738687485},{""m"":1,""n"":0,""value"":0.09335189350579715},{""m"":1,""n"":1,""value"":0.02372273755758077},{""m"":1,""n"":2,""value"":0.0015021919298381448},{""m"":1,""n"":3,""value"":-0.0001524324558519501},{""m"":1,""n"":4,""value"":5.979602986027114e-06},{""m"":1,""n"":5,""value"":-2.6580978389664566e-07},{""m"":1,""n"":6,""value"":6.739077855459157e-08},{""m"":2,""n"":-6,""value"":3.072032758495404e-07},{""m"":2,""n"":-5,""value"":9.967186353526421e-07},{""m"":2,""n"":-4,""value"":-5.762335468455787e-06},{""m"":2,""n"":-3,""value"":4.112220005899374e-05},{""m"":2,""n"":-2,""value"":0.00026821816994306713},{""m"":2,""n"":-1,""value"":0.004558450194979099},{""m"":2,""n"":0,""value"":0.037305507470222266},{""m"":2,""n"":1,""value"":0.01646686526924986},{""m"":2,""n"":2,""value"":0.00199532929439364},{""m"":2,""n"":3,""value"":-0.00012789673879923455},{""m"":2,""n"":4,""value"":-3.903098110049866e-06},{""m"":2,""n"":5,""value"":-1.0163022974720003e-06},{""m"":2,""n"":6,""value"":1.0253734057866774e-07},{""m"":3,""n"":-6,""value"":8.300192191680031e-08},{""m"":3,""n"":-5,""value"":-1.1059531494922754e-07},{""m"":3,""n"":-4,""value"":-4.522065884550117e-06},{""m"":3,""n"":-3,""value"":1.3056942346844593e-05},{""m"":3,""n"":-2,""value"":0.0001142840971416227},{""m"":3,""n"":-1,""value"":0.0015551568994369776},{""m"":3,""n"":0,""value"":0.010229375465787465},{""m"":3,""n"":1,""value"":0.009103322319246362},{""m"":3,""n"":2,""value"":0.0014784133170197976},{""m"":3,""n"":3,""value"":-6.002476149421074e-05},{""m"":3,""n"":4,""value"":-1.3719575905402294e-05},{""m"":3,""n"":5,""value"":-1.0069541364019274e-06},{""m"":3,""n"":6,""value"":7.176155421066938e-08},{""m"":4,""n"":-6,""value"":1.6109728283951807e-08},{""m"":4,""n"":-5,""value"":-1.922263467720711e-07},{""m"":4,""n"":-4,""value"":-1.7992525534098155e-06},{""m"":4,""n"":-3,""value"":3.1392950891077973e-06},{""m"":4,""n"":-2,""value"":2.6276456014058268e-05},{""m"":4,""n"":-1,""value"":0.0003787455413963187},{""m"":4,""n"":0,""value"":0.002663744005906838},{""m"":4,""n"":1,""value"":0.004616521713629961},{""m"":4,""n"":2,""value"":0.0009914397057790216},{""m"":4,""n"":3,""value"":-3.799841418179111e-06},{""m"":4,""n"":4,""value"":-1.571585733508477e-05},{""m"":4,""n"":5,""value"":-9.045435359047278e-07},{""m"":4,""n"":6,""value"":8.22644968443328e-08},{""m"":5,""n"":-6,""value"":2.4997776793342706e-08},{""m"":5,""n"":-5,""value"":-8.365282588850366e-08},{""m"":5,""n"":-4,""value"":-6.98050672178144e-07},{""m"":5,""n"":-3,""value"":-4.877390090521103e-07},{""m"":5,""n"":-2,""value"":3.43248319295452e-06},{""m"":5,""n"":-1,""value"":8.056723192131735e-05},{""m"":5,""n"":0,""value"":0.0007089382157392376},{""m"":5,""n"":1,""value"":0.002265837573914161},{""m"":5,""n"":2,""value"":0.0006433059615047292},{""m"":5,""n"":3,""value"":2.5280736464344405e-05},{""m"":5,""n"":4,""value"":-1.2821241543573845e-05},{""m"":5,""n"":5,""value"":-1.0067167902744577e-06},{""m"":5,""n"":6,""value"":8.396179855212355e-08}]}"
890144,held-out,baseline,0,False,0.004441334000148345,1.3088752920011757,,,,,,,b6b0ea093a0e17f368cbfdbcf8bf1bc1552b69c9cb9087b23d51c0a9a7855081,8fadeec0f696a71335f1cc3f390f66f4444c3a5a9ea4cdd20ec07fdae310bb32,2465dae850eae8a246bb01df229c79b75d4113380c6ef7a9b71a16314e4726b8,"ValueError: There was an error in one or more threads during a VMEC++ run:
Thread 0:
	FATAL ERROR in thread=0. The solver failed during the first iterations. This may happen if the initial boundary is poorly shaped or if it isn't spectrally condensed enough.
Thread 2:
	FATAL ERROR in thread=2. The solver failed during the first iterations. This may happen if the initial boundary is poorly shaped or if it isn't spectrally condensed enough.
Thread 3:
	FATAL ERROR in thread=3. The solver failed during the first iterations. This may happen if the initial boundary is poorly shaped or if it isn't spectrally condensed enough.
Thread 1:
	FATAL ERROR in thread=1. The solver failed during the first iterations. This may happen if the initial boundary is poorly shaped or if it isn't spectrally condensed enough.
"
890144,held-out,candidate,0,False,0.004661625000153435,1.2090487499990559,,,,,,,b6b0ea093a0e17f368cbfdbcf8bf1bc1552b69c9cb9087b23d51c0a9a7855081,8fadeec0f696a71335f1cc3f390f66f4444c3a5a9ea4cdd20ec07fdae310bb32,1a7c1c75ea349004161725842096d51274559ba63849880d707eee823cc42d67,"ValueError: There was an error in one or more threads during a VMEC++ run:
Thread 0:
	FATAL ERROR in thread=0. The solver failed during the first iterations. This may happen if the initial boundary is poorly shaped or if it isn't spectrally condensed enough.
"
2093639,held-out,candidate,1,False,0.004732792000140762,1.2665797080007906,,,,,,,9c50ea8e536ca41e9481f39bacadaea9d6f3ff3875857806e638e057985e4ce6,40482898d9ad1ef16e8aa69c3e449e544a8bdabde93d6d14f81b4bc627953b9d,1a7c1c75ea349004161725842096d51274559ba63849880d707eee823cc42d67,"ValueError: There was an error in one or more threads during a VMEC++ run:
Thread 0:
	FATAL ERROR in thread=0. The solver failed during the first iterations. This may happen if the initial boundary is poorly shaped or if it isn't spectrally condensed enough.
"
2093639,held-out,baseline,1,False,0.0050132910000684205,1.3023662920004426,,,,,,,9c50ea8e536ca41e9481f39bacadaea9d6f3ff3875857806e638e057985e4ce6,40482898d9ad1ef16e8aa69c3e449e544a8bdabde93d6d14f81b4bc627953b9d,2465dae850eae8a246bb01df229c79b75d4113380c6ef7a9b71a16314e4726b8,"ValueError: There was an error in one or more threads during a VMEC++ run:
Thread 1:
	FATAL ERROR in thread=1. The solver failed during the first iterations. This may happen if the initial boundary is poorly shaped or if it isn't spectrally condensed enough.
Thread 3:
	FATAL ERROR in thread=3. The solver failed during the first iterations. This may happen if the initial boundary is poorly shaped or if it isn't spectrally condensed enough.
Thread 2:
	FATAL ERROR in thread=2. The solver failed during the first iterations. This may happen if the initial boundary is poorly shaped or if it isn't spectrally condensed enough.
Thread 0:
	FATAL ERROR in thread=0. The solver failed during the first iterations. This may happen if the initial boundary is poorly shaped or if it isn't spectrally condensed enough.
"
259490,discovery,baseline,2,False,0.004629416998795932,1.3208449169997039,,,,,,,0a03e3d837bce27c08a1ee645ec6735c1995bc42451826ad085a8b63ee89d583,baf85309fcfb5d2c4fcedce09fb931b3a0836e626d00923798cda388e4bf8e46,2465dae850eae8a246bb01df229c79b75d4113380c6ef7a9b71a16314e4726b8,"ValueError: There was an error in one or more threads during a VMEC++ run:
Thread 3:
	FATAL ERROR in thread=3. The solver failed during the first iterations. This may happen if the initial boundary is poorly shaped or if it isn't spectrally condensed enough.
Thread 2:
	FATAL ERROR in thread=2. The solver failed during the first iterations. This may happen if the initial boundary is poorly shaped or if it isn't spectrally condensed enough.
Thread 0:
	FATAL ERROR in thread=0. The solver failed during the first iterations. This may happen if the initial boundary is poorly shaped or if it isn't spectrally condensed enough.
Thread 1:
	FATAL ERROR in thread=1. The solver failed during the first iterations. This may happen if the initial boundary is poorly shaped or if it isn't spectrally condensed enough.
"
259490,discovery,candidate,2,True,1.2974592089994985,2.8245818329996837,1708,31,9.151125403061416e-10,9.47686584767794e-10,1.6769897383205503e-11,0.0010082856265580475,0a03e3d837bce27c08a1ee645ec6735c1995bc42451826ad085a8b63ee89d583,baf85309fcfb5d2c4fcedce09fb931b3a0836e626d00923798cda388e4bf8e46,1a7c1c75ea349004161725842096d51274559ba63849880d707eee823cc42d67,
261318,held-out,baseline,0,False,0.00510920799933956,1.253018792000148,,,,,,,204d3e9dc4779cbb58943d049cc4c8d8a18f8d65a8a0db09c338819bb80ef417,5e6711f07977bbdc2918ef17c814f035b5bea85a1d1d8d86f35ac728b1f914e0,2465dae850eae8a246bb01df229c79b75d4113380c6ef7a9b71a16314e4726b8,"ValueError: There was an error in one or more threads during a VMEC++ run:
Thread 2:
	FATAL ERROR in thread=2. The solver failed during the first iterations. This may happen if the initial boundary is poorly shaped or if it isn't spectrally condensed enough.
Thread 0:
	FATAL ERROR in thread=0. The solver failed during the first iterations. This may happen if the initial boundary is poorly shaped or if it isn't spectrally condensed enough.
Thread 3:
	FATAL ERROR in thread=3. The solver failed during the first iterations. This may happen if the initial boundary is poorly shaped or if it isn't spectrally condensed enough.
Thread 1:
	FATAL ERROR in thread=1. The solver failed during the first iterations. This may happen if the initial boundary is poorly shaped or if it isn't spectrally condensed enough.
"
261318,held-out,candidate,0,False,0.0885353749999922,1.3596407910008566,,,,,,,204d3e9dc4779cbb58943d049cc4c8d8a18f8d65a8a0db09c338819bb80ef417,5e6711f07977bbdc2918ef17c814f035b5bea85a1d1d8d86f35ac728b1f914e0,1a7c1c75ea349004161725842096d51274559ba63849880d707eee823cc42d67,"ValueError: FATAL ERROR in SolveEquilibrium: JACOBIAN_75_TIMES_BAD The jacobian factor of the geometry repeatedly became negative, indicating that flux surfaces become self-intersecting. This can mean that your prescribed boundary is too shaped for VMEC to resolve
VmecINDATA had these contents:
{""ac"":[1.0,-1.0],""ac_aux_f"":[],""ac_aux_s"":[],""ai"":[],""ai_aux_f"":[],""ai_aux_s"":[],""am"":[1.0,-1.0],""am_aux_f"":[],""am_aux_s"":[],""aphi"":[1.0],""bloat"":1.0,""curtor"":0.0,""delt"":1.0,""extcur"":[1086307.6184879432],""free_boundary_method"":""nestor"",""ftol_array"":[1e-09,1e-09,1e-09],""gamma"":0.0,""iteration_style"":""vmec_8_52"",""lasym"":false,""lforbal"":false,""lfreeb"":true,""mgrid_file"":""NONE"",""mpol"":6,""mpol_geometry"":-1,""ncurr"":1,""nfp"":5,""niter_array"":[4000,4000,4000],""ns_array"":[8,16,31],""nstep"":200,""ntheta"":0,""ntor"":6,""ntor_geometry"":-1,""nvacskip"":6,""nzeta"":24,""pcurr_type"":""power_series"",""phiedge"":0.0030466199844685973,""piota_type"":""power_series"",""pmass_type"":""power_series"",""pres_scale"":0.0,""raxis_c"":[1.0395738887488812,0.0,0.0,0.0,0.0,0.0,0.0],""rbc"":[{""m"":0,""n"":0,""value"":1.0395738887488812},{""m"":0,""n"":1,""value"":-4.0039332540405545e-05},{""m"":0,""n"":2,""value"":-0.00014217393864255696},{""m"":0,""n"":3,""value"":3.244262405360775e-05},{""m"":0,""n"":4,""value"":3.0582392753898017e-06},{""m"":0,""n"":5,""value"":-6.196682299088666e-07},{""m"":0,""n"":6,""value"":1.7987772246772314e-07},{""m"":1,""n"":-6,""value"":1.6030090547276263e-07},{""m"":1,""n"":-5,""value"":-7.940046622585927e-07},{""m"":1,""n"":-4,""value"":7.397895050714161e-07},{""m"":1,""n"":-3,""value"":6.326473898966279e-06},{""m"":1,""n"":-2,""value"":-2.9009182047938288e-05},{""m"":1,""n"":-1,""value"":-0.0010220881057253937},{""m"":1,""n"":0,""value"":-0.0651250027243753},{""m"":1,""n"":1,""value"":0.0018236003273593784},{""m"":1,""n"":2,""value"":1.118376250884129e-05},{""m"":1,""n"":3,""value"":6.469933473159408e-06},{""m"":1,""n"":4,""value"":2.836906677311735e-06},{""m"":1,""n"":5,""value"":-6.678880788689679e-07},{""m"":1,""n"":6,""value"":1.8769171152324012e-07},{""m"":2,""n"":-6,""value"":1.725079027773593e-07},{""m"":2,""n"":-5,""value"":-5.96389774275673e-07},{""m"":2,""n"":-4,""value"":1.724679948562773e-06},{""m"":2,""n"":-3,""value"":2.6477792772757185e-06},{""m"":2,""n"":-2,""value"":-2.5163225383198998e-05},{""m"":2,""n"":-1,""value"":-0.0002819291395607653},{""m"":2,""n"":0,""value"":-0.029355879407324672},{""m"":2,""n"":1,""value"":0.001315162937086481},{""m"":2,""n"":2,""value"":-7.200284367389872e-05},{""m"":2,""n"":3,""value"":-1.9950441622566475e-05},{""m"":2,""n"":4,""value"":1.1754051461193914e-06},{""m"":2,""n"":5,""value"":-9.693329114448757e-07},{""m"":2,""n"":6,""value"":1.7630994397989316e-07},{""m"":3,""n"":-6,""value"":1.8113001550716776e-07},{""m"":3,""n"":-5,""value"":-4.874932242789137e-07},{""m"":3,""n"":-4,""value"":1.851214887811599e-06},{""m"":3,""n"":-3,""value"":8.017227552364164e-07},{""m"":3,""n"":-2,""value"":1.2097336511939634e-05},{""m"":3,""n"":-1,""value"":0.00018438724412359053},{""m"":3,""n"":0,""value"":-0.01480011150850581},{""m"":3,""n"":1,""value"":0.0029767537261563377},{""m"":3,""n"":2,""value"":1.0152418637168924e-05},{""m"":3,""n"":3,""value"":-1.3778065356943188e-05},{""m"":3,""n"":4,""value"":1.7906754267068984e-06},{""m"":3,""n"":5,""value"":-9.5849940109462e-07},{""m"":3,""n"":6,""value"":2.0267901631945037e-07},{""m"":4,""n"":-6,""value"":1.8657521750704028e-07},{""m"":4,""n"":-5,""value"":-4.4242144355778973e-07},{""m"":4,""n"":-4,""value"":1.5299394359200162e-06},{""m"":4,""n"":-3,""value"":-2.224254369944499e-06},{""m"":4,""n"":-2,""value"":3.159193615499291e-05},{""m"":4,""n"":-1,""value"":0.00037140476985190486},{""m"":4,""n"":0,""value"":-0.008926822871757216},{""m"":4,""n"":1,""value"":0.0038717144193383705},{""m"":4,""n"":2,""value"":1.9242584265354735e-05},{""m"":4,""n"":3,""value"":-8.463638949726033e-06},{""m"":4,""n"":4,""value"":1.6741431226488928e-06},{""m"":4,""n"":5,""value"":-9.517169607387428e-07},{""m"":4,""n"":6,""value"":2.2500153752723815e-07},{""m"":5,""n"":-6,""value"":1.9369987347844983e-07},{""m"":5,""n"":-5,""value"":-4.205501286538368e-07},{""m"":5,""n"":-4,""value"":1.2059898924960485e-06},{""m"":5,""n"":-3,""value"":-2.8973552899443747e-06},{""m"":5,""n"":-2,""value"":4.437725378651205e-05},{""m"":5,""n"":-1,""value"":0.00032791647860212954},{""m"":5,""n"":0,""value"":-0.005573314864993626},{""m"":5,""n"":1,""value"":0.004261637872586904},{""m"":5,""n"":2,""value"":2.0503519937986264e-06},{""m"":5,""n"":3,""value"":-2.597632103056167e-06},{""m"":5,""n"":4,""value"":1.1838242042213707e-06},{""m"":5,""n"":5,""value"":-9.53774947677498e-07},{""m"":5,""n"":6,""value"":2.3738039623509887e-07}],""return_outputs_even_if_not_converged"":false,""spres_ped"":1.0,""tcon0"":1.0,""zaxis_s"":[0.0,0.0,0.0,0.0,0.0,0.0,0.0],""zbs"":[{""m"":0,""n"":1,""value"":-0.00039661268154314106},{""m"":0,""n"":2,""value"":-1.0067941421630585e-05},{""m"":0,""n"":3,""value"":1.94271333575781e-05},{""m"":0,""n"":4,""value"":-2.650118378332132e-06},{""m"":0,""n"":5,""value"":-9.253792509269511e-08},{""m"":0,""n"":6,""value"":-4.931695818518354e-08},{""m"":1,""n"":-6,""value"":5.3838398458250704e-08},{""m"":1,""n"":-5,""value"":1.4930829319073973e-07},{""m"":1,""n"":-4,""value"":5.3860945106727785e-06},{""m"":1,""n"":-3,""value"":1.0140876741736861e-05},{""m"":1,""n"":-2,""value"":2.7680226497445425e-05},{""m"":1,""n"":-1,""value"":0.0013734033460517535},{""m"":1,""n"":0,""value"":0.09845683651084963},{""m"":1,""n"":1,""value"":0.001227345792723065},{""m"":1,""n"":2,""value"":7.756986408843385e-05},{""m"":1,""n"":3,""value"":1.9293926475878054e-05},{""m"":1,""n"":4,""value"":2.609644417636925e-06},{""m"":1,""n"":5,""value"":3.1810277897449747e-07},{""m"":1,""n"":6,""value"":-1.9654016760850164e-08},{""m"":2,""n"":-6,""value"":4.08379304191971e-08},{""m"":2,""n"":-5,""value"":-6.918152640579843e-08},{""m"":2,""n"":-4,""value"":3.1290875045135703e-06},{""m"":2,""n"":-3,""value"":2.2127776360867595e-06},{""m"":2,""n"":-2,""value"":-1.2508060825352968e-05},{""m"":2,""n"":-1,""value"":-0.00019076948240059763},{""m"":2,""n"":0,""value"":0.03912354259890745},{""m"":2,""n"":1,""value"":0.0009427039710446823},{""m"":2,""n"":2,""value"":-1.897408625877202e-05},{""m"":2,""n"":3,""value"":-1.7858819161107823e-05},{""m"":2,""n"":4,""value"":-3.920740755581825e-07},{""m"":2,""n"":5,""value"":1.5577454221494304e-07},{""m"":2,""n"":6,""value"":-3.809220412020173e-08},{""m"":3,""n"":-6,""value"":4.4017280687439585e-08},{""m"":3,""n"":-5,""value"":-1.1702400373054497e-07},{""m"":3,""n"":-4,""value"":2.204190711192622e-06},{""m"":3,""n"":-3,""value"":2.1869929521799863e-06},{""m"":3,""n"":-2,""value"":4.861668666256378e-06},{""m"":3,""n"":-1,""value"":-0.0002140021540018359},{""m"":3,""n"":0,""value"":0.025709281911553014},{""m"":3,""n"":1,""value"":0.0027816860240843008},{""m"":3,""n"":2,""value"":4.6662084280093316e-05},{""m"":3,""n"":3,""value"":-1.4471286033277295e-05},{""m"":3,""n"":4,""value"":-3.2071886581549186e-07},{""m"":3,""n"":5,""value"":2.705822305620779e-07},{""m"":3,""n"":6,""value"":-2.8760525033443107e-08},{""m"":4,""n"":-6,""value"":4.4533099772705046e-08},{""m"":4,""n"":-5,""value"":-1.614098685387561e-07},{""m"":4,""n"":-4,""value"":1.299543921000953e-06},{""m"":4,""n"":-3,""value"":8.786499821834722e-07},{""m"":4,""n"":-2,""value"":-6.413453524063538e-06},{""m"":4,""n"":-1,""value"":-0.00030630007548075236},{""m"":4,""n"":0,""value"":0.014190496278859922},{""m"":4,""n"":1,""value"":0.003910407625104488},{""m"":4,""n"":2,""value"":5.3814384813020665e-05},{""m"":4,""n"":3,""value"":-1.0379369488323448e-05},{""m"":4,""n"":4,""value"":-1.585456713222024e-07},{""m"":4,""n"":5,""value"":4.320016126634189e-07},{""m"":4,""n"":6,""value"":-1.079205681133724e-08},{""m"":5,""n"":-6,""value"":4.3841947175721686e-08},{""m"":5,""n"":-5,""value"":-1.8856924544356023e-07},{""m"":5,""n"":-4,""value"":6.448396130238052e-07},{""m"":5,""n"":-3,""value"":-4.842161464421006e-07},{""m"":5,""n"":-2,""value"":-1.5221808827934466e-05},{""m"":5,""n"":-1,""value"":-0.00023768460951796612},{""m"":5,""n"":0,""value"":0.007036181286129429},{""m"":5,""n"":1,""value"":0.004481177276533465},{""m"":5,""n"":2,""value"":3.893227422756762e-05},{""m"":5,""n"":3,""value"":-6.5977889244653445e-06},{""m"":5,""n"":4,""value"":-2.527960882429178e-07},{""m"":5,""n"":5,""value"":5.189656117803662e-07},{""m"":5,""n"":6,""value"":-2.4497994109008717e-09}]}"
654082,held-out,baseline,0,False,0.004252083999745082,1.257133667000744,,,,,,,b581576db85bec99188db86ff9d8ce578ac90bfb1a2b729521d59c4d27136459,24f34c763d6823ded536273ba0f9e09a02a2cd7e1d35f3aa293816ad8a81678a,2465dae850eae8a246bb01df229c79b75d4113380c6ef7a9b71a16314e4726b8,"ValueError: There was an error in one or more threads during a VMEC++ run:
Thread 0:
	FATAL ERROR in thread=0. The solver failed during the first iterations. This may happen if the initial boundary is poorly shaped or if it isn't spectrally condensed enough.
Thread 1:
	FATAL ERROR in thread=1. The solver failed during the first iterations. This may happen if the initial boundary is poorly shaped or if it isn't spectrally condensed enough.
Thread 2:
	FATAL ERROR in thread=2. The solver failed during the first iterations. This may happen if the initial boundary is poorly shaped or if it isn't spectrally condensed enough.
Thread 3:
	FATAL ERROR in thread=3. The solver failed during the first iterations. This may happen if the initial boundary is poorly shaped or if it isn't spectrally condensed enough.
"
654082,held-out,candidate,0,False,0.0050687919992924435,1.423319708001145,,,,,,,b581576db85bec99188db86ff9d8ce578ac90bfb1a2b729521d59c4d27136459,24f34c763d6823ded536273ba0f9e09a02a2cd7e1d35f3aa293816ad8a81678a,1a7c1c75ea349004161725842096d51274559ba63849880d707eee823cc42d67,"ValueError: There was an error in one or more threads during a VMEC++ run:
Thread 0:
	FATAL ERROR in thread=0. The solver failed during the first iterations. This may happen if the initial boundary is poorly shaped or if it isn't spectrally condensed enough.
"
1046673,held-out,baseline,1,False,0.004531208000116749,1.312772582999969,,,,,,,81a42038d8507a301e6a07ec54301e79167356a1a25bc5042c6329384167d183,252409ba0e94aff385fb0576c5a53e0eccc710836abb56c0166011e7d47e611c,2465dae850eae8a246bb01df229c79b75d4113380c6ef7a9b71a16314e4726b8,"ValueError: There was an error in one or more threads during a VMEC++ run:
Thread 2:
	FATAL ERROR in thread=2. The solver failed during the first iterations. This may happen if the initial boundary is poorly shaped or if it isn't spectrally condensed enough.
Thread 0:
	FATAL ERROR in thread=0. The solver failed during the first iterations. This may happen if the initial boundary is poorly shaped or if it isn't spectrally condensed enough.
Thread 3:
	FATAL ERROR in thread=3. The solver failed during the first iterations. This may happen if the initial boundary is poorly shaped or if it isn't spectrally condensed enough.
Thread 1:
	FATAL ERROR in thread=1. The solver failed during the first iterations. This may happen if the initial boundary is poorly shaped or if it isn't spectrally condensed enough.
"
1046673,held-out,candidate,1,False,0.004646334000426577,1.3161307919999672,,,,,,,81a42038d8507a301e6a07ec54301e79167356a1a25bc5042c6329384167d183,252409ba0e94aff385fb0576c5a53e0eccc710836abb56c0166011e7d47e611c,1a7c1c75ea349004161725842096d51274559ba63849880d707eee823cc42d67,"ValueError: There was an error in one or more threads during a VMEC++ run:
Thread 0:
	FATAL ERROR in thread=0. The solver failed during the first iterations. This may happen if the initial boundary is poorly shaped or if it isn't spectrally condensed enough.
"
2296519,held-out,baseline,2,False,0.005797542000436806,1.300362916999802,,,,,,,24cac3bc14df5361df596612880d435165bac29e0a9ecb4b6697f6cb4233a5ee,e91a8ed0efb73deedd8fe1eb387a13e3ddc53e5d1c8ee63d41ba995771192682,2465dae850eae8a246bb01df229c79b75d4113380c6ef7a9b71a16314e4726b8,"ValueError: There was an error in one or more threads during a VMEC++ run:
Thread 0:
	FATAL ERROR in thread=0. The solver failed during the first iterations. This may happen if the initial boundary is poorly shaped or if it isn't spectrally condensed enough.
Thread 2:
	FATAL ERROR in thread=2. The solver failed during the first iterations. This may happen if the initial boundary is poorly shaped or if it isn't spectrally condensed enough.
Thread 3:
	FATAL ERROR in thread=3. The solver failed during the first iterations. This may happen if the initial boundary is poorly shaped or if it isn't spectrally condensed enough.
Thread 1:
	FATAL ERROR in thread=1. The solver failed during the first iterations. This may happen if the initial boundary is poorly shaped or if it isn't spectrally condensed enough.
"
2296519,held-out,candidate,2,False,0.008016291001695208,1.3654585000003863,,,,,,,24cac3bc14df5361df596612880d435165bac29e0a9ecb4b6697f6cb4233a5ee,e91a8ed0efb73deedd8fe1eb387a13e3ddc53e5d1c8ee63d41ba995771192682,1a7c1c75ea349004161725842096d51274559ba63849880d707eee823cc42d67,"ValueError: There was an error in one or more threads during a VMEC++ run:
Thread 0:
	FATAL ERROR in thread=0. The solver failed during the first iterations. This may happen if the initial boundary is poorly shaped or if it isn't spectrally condensed enough.
"
784312,held-out,candidate,2,True,0.6936617499995918,2.240779499999917,1029,31,9.480134549180734e-10,8.384653366637811e-10,1.659304890316399e-10,0.007603422291373042,f83a3a484358243bf7da94c7a86ad1a0c4b81dd9a9c3289473517022adaf73d4,803d7de57c4bd602b608b6baf8e93c93f424e17b5943ca9acb80d41892771449,1a7c1c75ea349004161725842096d51274559ba63849880d707eee823cc42d67,
784312,held-out,baseline,2,False,0.004874083000686369,1.2607999159990868,,,,,,,f83a3a484358243bf7da94c7a86ad1a0c4b81dd9a9c3289473517022adaf73d4,803d7de57c4bd602b608b6baf8e93c93f424e17b5943ca9acb80d41892771449,2465dae850eae8a246bb01df229c79b75d4113380c6ef7a9b71a16314e4726b8,"ValueError: There was an error in one or more threads during a VMEC++ run:
Thread 1:
	FATAL ERROR in thread=1. The solver failed during the first iterations. This may happen if the initial boundary is poorly shaped or if it isn't spectrally condensed enough.
Thread 0:
	FATAL ERROR in thread=0. The solver failed during the first iterations. This may happen if the initial boundary is poorly shaped or if it isn't spectrally condensed enough.
Thread 2:
	FATAL ERROR in thread=2. The solver failed during the first iterations. This may happen if the initial boundary is poorly shaped or if it isn't spectrally condensed enough.
Thread 3:
	FATAL ERROR in thread=3. The solver failed during the first iterations. This may happen if the initial boundary is poorly shaped or if it isn't spectrally condensed enough.
"
134699,discovery,candidate,1,True,0.9493849579994276,2.659541041999546,1333,31,9.369894123831484e-10,6.158022797215571e-10,3.3954833112909764e-10,0.00618952303226121,7800cdb449ed1d2e2145d22c679cbd0e498efcbe729b5a10134581816b76bbd6,650e7de9aac1d76fd763a8dccaac7c84911123f2c75145488ad1f8a3bfa8300c,1a7c1c75ea349004161725842096d51274559ba63849880d707eee823cc42d67,
134699,discovery,baseline,1,False,0.003980791998401401,1.262749083000017,,,,,,,7800cdb449ed1d2e2145d22c679cbd0e498efcbe729b5a10134581816b76bbd6,650e7de9aac1d76fd763a8dccaac7c84911123f2c75145488ad1f8a3bfa8300c,2465dae850eae8a246bb01df229c79b75d4113380c6ef7a9b71a16314e4726b8,"ValueError: There was an error in one or more threads during a VMEC++ run:
Thread 3:
	FATAL ERROR in thread=3. The solver failed during the first iterations. This may happen if the initial boundary is poorly shaped or if it isn't spectrally condensed enough.
Thread 2:
	FATAL ERROR in thread=2. The solver failed during the first iterations. This may happen if the initial boundary is poorly shaped or if it isn't spectrally condensed enough.
Thread 1:
	FATAL ERROR in thread=1. The solver failed during the first iterations. This may happen if the initial boundary is poorly shaped or if it isn't spectrally condensed enough.
Thread 0:
	FATAL ERROR in thread=0. The solver failed during the first iterations. This may happen if the initial boundary is poorly shaped or if it isn't spectrally condensed enough.
"
17263,held-out,candidate,0,False,0.004663333000280545,1.2635184999999183,,,,,,,87ce4f430bc5e11f5b76126ba54eaaef498328d91b526b30bf40920ac8713959,92747e767cc779f6af5c11b9b2c4a630782e109121f0f6b1a64bb3ed7dc53d11,1a7c1c75ea349004161725842096d51274559ba63849880d707eee823cc42d67,"ValueError: There was an error in one or more threads during a VMEC++ run:
Thread 0:
	FATAL ERROR in thread=0. The solver failed during the first iterations. This may happen if the initial boundary is poorly shaped or if it isn't spectrally condensed enough.
"
17263,held-out,baseline,0,False,0.0039259999994101236,1.29957395800011,,,,,,,87ce4f430bc5e11f5b76126ba54eaaef498328d91b526b30bf40920ac8713959,92747e767cc779f6af5c11b9b2c4a630782e109121f0f6b1a64bb3ed7dc53d11,2465dae850eae8a246bb01df229c79b75d4113380c6ef7a9b71a16314e4726b8,"ValueError: There was an error in one or more threads during a VMEC++ run:
Thread 2:
	FATAL ERROR in thread=2. The solver failed during the first iterations. This may happen if the initial boundary is poorly shaped or if it isn't spectrally condensed enough.
Thread 0:
	FATAL ERROR in thread=0. The solver failed during the first iterations. This may happen if the initial boundary is poorly shaped or if it isn't spectrally condensed enough.
Thread 1:
	FATAL ERROR in thread=1. The solver failed during the first iterations. This may happen if the initial boundary is poorly shaped or if it isn't spectrally condensed enough.
Thread 3:
	FATAL ERROR in thread=3. The solver failed during the first iterations. This may happen if the initial boundary is poorly shaped or if it isn't spectrally condensed enough.
"
919739,held-out,candidate,2,False,0.00465983299909567,1.3763089170006424,,,,,,,f15c64ad21410aa6a758145c442ec2568130e80ed4f8fd2f24477dee2ee5b5ef,73688fa6f76d32b36501034a5f606352766664a523a0242ccb20fe7e09134670,1a7c1c75ea349004161725842096d51274559ba63849880d707eee823cc42d67,"ValueError: There was an error in one or more threads during a VMEC++ run:
Thread 0:
	FATAL ERROR in thread=0. The solver failed during the first iterations. This may happen if the initial boundary is poorly shaped or if it isn't spectrally condensed enough.
"
919739,held-out,baseline,2,False,0.0045926250004413305,1.2682516669992765,,,,,,,f15c64ad21410aa6a758145c442ec2568130e80ed4f8fd2f24477dee2ee5b5ef,73688fa6f76d32b36501034a5f606352766664a523a0242ccb20fe7e09134670,2465dae850eae8a246bb01df229c79b75d4113380c6ef7a9b71a16314e4726b8,"ValueError: There was an error in one or more threads during a VMEC++ run:
Thread 2:
	FATAL ERROR in thread=2. The solver failed during the first iterations. This may happen if the initial boundary is poorly shaped or if it isn't spectrally condensed enough.
Thread 3:
	FATAL ERROR in thread=3. The solver failed during the first iterations. This may happen if the initial boundary is poorly shaped or if it isn't spectrally condensed enough.
Thread 1:
	FATAL ERROR in thread=1. The solver failed during the first iterations. This may happen if the initial boundary is poorly shaped or if it isn't spectrally condensed enough.
Thread 0:
	FATAL ERROR in thread=0. The solver failed during the first iterations. This may happen if the initial boundary is poorly shaped or if it isn't spectrally condensed enough.
"
2017994,discovery,candidate,2,False,0.0047370419997605495,1.2698595829988335,,,,,,,d34cf4ddc80f1599c6b8fc6a13cd1f82bb6f773adf8c53372fa2e18a29edf72f,26d30577c11370a92c8289a148805462dd2f4f9ab7f59e0dc1f8dcba7d7321af,1a7c1c75ea349004161725842096d51274559ba63849880d707eee823cc42d67,"ValueError: There was an error in one or more threads during a VMEC++ run:
Thread 0:
	FATAL ERROR in thread=0. The solver failed during the first iterations. This may happen if the initial boundary is poorly shaped or if it isn't spectrally condensed enough.
"
2017994,discovery,baseline,2,False,0.004107541999474051,1.2658156670004246,,,,,,,d34cf4ddc80f1599c6b8fc6a13cd1f82bb6f773adf8c53372fa2e18a29edf72f,26d30577c11370a92c8289a148805462dd2f4f9ab7f59e0dc1f8dcba7d7321af,2465dae850eae8a246bb01df229c79b75d4113380c6ef7a9b71a16314e4726b8,"ValueError: There was an error in one or more threads during a VMEC++ run:
Thread 1:
	FATAL ERROR in thread=1. The solver failed during the first iterations. This may happen if the initial boundary is poorly shaped or if it isn't spectrally condensed enough.
Thread 2:
	FATAL ERROR in thread=2. The solver failed during the first iterations. This may happen if the initial boundary is poorly shaped or if it isn't spectrally condensed enough.
Thread 0:
	FATAL ERROR in thread=0. The solver failed during the first iterations. This may happen if the initial boundary is poorly shaped or if it isn't spectrally condensed enough.
Thread 3:
	FATAL ERROR in thread=3. The solver failed during the first iterations. This may happen if the initial boundary is poorly shaped or if it isn't spectrally condensed enough.
"
2296519,held-out,candidate,0,False,0.006457416999182897,1.3705370829993626,,,,,,,24cac3bc14df5361df596612880d435165bac29e0a9ecb4b6697f6cb4233a5ee,e91a8ed0efb73deedd8fe1eb387a13e3ddc53e5d1c8ee63d41ba995771192682,1a7c1c75ea349004161725842096d51274559ba63849880d707eee823cc42d67,"ValueError: There was an error in one or more threads during a VMEC++ run:
Thread 0:
	FATAL ERROR in thread=0. The solver failed during the first iterations. This may happen if the initial boundary is poorly shaped or if it isn't spectrally condensed enough.
"
2296519,held-out,baseline,0,False,0.0039025000005494803,1.265615832999174,,,,,,,24cac3bc14df5361df596612880d435165bac29e0a9ecb4b6697f6cb4233a5ee,e91a8ed0efb73deedd8fe1eb387a13e3ddc53e5d1c8ee63d41ba995771192682,2465dae850eae8a246bb01df229c79b75d4113380c6ef7a9b71a16314e4726b8,"ValueError: There was an error in one or more threads during a VMEC++ run:
Thread 3:
	FATAL ERROR in thread=3. The solver failed during the first iterations. This may happen if the initial boundary is poorly shaped or if it isn't spectrally condensed enough.
Thread 0:
	FATAL ERROR in thread=0. The solver failed during the first iterations. This may happen if the initial boundary is poorly shaped or if it isn't spectrally condensed enough.
Thread 2:
	FATAL ERROR in thread=2. The solver failed during the first iterations. This may happen if the initial boundary is poorly shaped or if it isn't spectrally condensed enough.
Thread 1:
	FATAL ERROR in thread=1. The solver failed during the first iterations. This may happen if the initial boundary is poorly shaped or if it isn't spectrally condensed enough.
"
69266,held-out,baseline,1,False,0.004234541000187164,1.3158336249998683,,,,,,,9b4e08c0653c28e8a91cc2f85390c7ac813449a4702ca4c7e01dd35c3208e755,0de96a02dc10dcc4d42e3545e0f27b93fd00b55f4611e28899614f965c769161,2465dae850eae8a246bb01df229c79b75d4113380c6ef7a9b71a16314e4726b8,"ValueError: There was an error in one or more threads during a VMEC++ run:
Thread 0:
	FATAL ERROR in thread=0. The solver failed during the first iterations. This may happen if the initial boundary is poorly shaped or if it isn't spectrally condensed enough.
Thread 3:
	FATAL ERROR in thread=3. The solver failed during the first iterations. This may happen if the initial boundary is poorly shaped or if it isn't spectrally condensed enough.
Thread 2:
	FATAL ERROR in thread=2. The solver failed during the first iterations. This may happen if the initial boundary is poorly shaped or if it isn't spectrally condensed enough.
Thread 1:
	FATAL ERROR in thread=1. The solver failed during the first iterations. This may happen if the initial boundary is poorly shaped or if it isn't spectrally condensed enough.
"
69266,held-out,candidate,1,False,0.005013707999751205,1.308909291999953,,,,,,,9b4e08c0653c28e8a91cc2f85390c7ac813449a4702ca4c7e01dd35c3208e755,0de96a02dc10dcc4d42e3545e0f27b93fd00b55f4611e28899614f965c769161,1a7c1c75ea349004161725842096d51274559ba63849880d707eee823cc42d67,"ValueError: There was an error in one or more threads during a VMEC++ run:
Thread 0:
	FATAL ERROR in thread=0. The solver failed during the first iterations. This may happen if the initial boundary is poorly shaped or if it isn't spectrally condensed enough.
"
221118,held-out,candidate,1,False,0.004605542000717833,1.2485544999999547,,,,,,,3f369341a8b8f3b7d6bbabbd72879f706b04196644843879bc978f739a32f0b4,7a74d5ab22f21c5ba22652995b6d6c8bc0d6ec1fde40c1a05f705e9e3979870a,1a7c1c75ea349004161725842096d51274559ba63849880d707eee823cc42d67,"ValueError: There was an error in one or more threads during a VMEC++ run:
Thread 0:
	FATAL ERROR in thread=0. The solver failed during the first iterations. This may happen if the initial boundary is poorly shaped or if it isn't spectrally condensed enough.
"
221118,held-out,baseline,1,False,0.0038216670000110753,1.2273749580017466,,,,,,,3f369341a8b8f3b7d6bbabbd72879f706b04196644843879bc978f739a32f0b4,7a74d5ab22f21c5ba22652995b6d6c8bc0d6ec1fde40c1a05f705e9e3979870a,2465dae850eae8a246bb01df229c79b75d4113380c6ef7a9b71a16314e4726b8,"ValueError: There was an error in one or more threads during a VMEC++ run:
Thread 3:
	FATAL ERROR in thread=3. The solver failed during the first iterations. This may happen if the initial boundary is poorly shaped or if it isn't spectrally condensed enough.
Thread 2:
	FATAL ERROR in thread=2. The solver failed during the first iterations. This may happen if the initial boundary is poorly shaped or if it isn't spectrally condensed enough.
Thread 0:
	FATAL ERROR in thread=0. The solver failed during the first iterations. This may happen if the initial boundary is poorly shaped or if it isn't spectrally condensed enough.
Thread 1:
	FATAL ERROR in thread=1. The solver failed during the first iterations. This may happen if the initial boundary is poorly shaped or if it isn't spectrally condensed enough.
"
2093639,held-out,baseline,2,False,0.003808292000030633,1.2694329170008132,,,,,,,9c50ea8e536ca41e9481f39bacadaea9d6f3ff3875857806e638e057985e4ce6,40482898d9ad1ef16e8aa69c3e449e544a8bdabde93d6d14f81b4bc627953b9d,2465dae850eae8a246bb01df229c79b75d4113380c6ef7a9b71a16314e4726b8,"ValueError: There was an error in one or more threads during a VMEC++ run:
Thread 3:
	FATAL ERROR in thread=3. The solver failed during the first iterations. This may happen if the initial boundary is poorly shaped or if it isn't spectrally condensed enough.
Thread 2:
	FATAL ERROR in thread=2. The solver failed during the first iterations. This may happen if the initial boundary is poorly shaped or if it isn't spectrally condensed enough.
Thread 0:
	FATAL ERROR in thread=0. The solver failed during the first iterations. This may happen if the initial boundary is poorly shaped or if it isn't spectrally condensed enough.
Thread 1:
	FATAL ERROR in thread=1. The solver failed during the first iterations. This may happen if the initial boundary is poorly shaped or if it isn't spectrally condensed enough.
"
2093639,held-out,candidate,2,False,0.0041950419999921,1.2171043750004173,,,,,,,9c50ea8e536ca41e9481f39bacadaea9d6f3ff3875857806e638e057985e4ce6,40482898d9ad1ef16e8aa69c3e449e544a8bdabde93d6d14f81b4bc627953b9d,1a7c1c75ea349004161725842096d51274559ba63849880d707eee823cc42d67,"ValueError: There was an error in one or more threads during a VMEC++ run:
Thread 0:
	FATAL ERROR in thread=0. The solver failed during the first iterations. This may happen if the initial boundary is poorly shaped or if it isn't spectrally condensed enough.
"
1978818,held-out,candidate,2,False,0.004350666999016539,1.2644054169995798,,,,,,,b5e00838ecc476d5cb8abb4128c106470df27db8cafbd2279e88e99e59a21e04,7ac61fd2c317d980a562478a2d41439fdd0ceefc82f1ac7993c3d05618f56de0,1a7c1c75ea349004161725842096d51274559ba63849880d707eee823cc42d67,"ValueError: There was an error in one or more threads during a VMEC++ run:
Thread 0:
	FATAL ERROR in thread=0. The solver failed during the first iterations. This may happen if the initial boundary is poorly shaped or if it isn't spectrally condensed enough.
"
1978818,held-out,baseline,2,False,0.003939832999094506,1.3239785829991888,,,,,,,b5e00838ecc476d5cb8abb4128c106470df27db8cafbd2279e88e99e59a21e04,7ac61fd2c317d980a562478a2d41439fdd0ceefc82f1ac7993c3d05618f56de0,2465dae850eae8a246bb01df229c79b75d4113380c6ef7a9b71a16314e4726b8,"ValueError: There was an error in one or more threads during a VMEC++ run:
Thread 3:
	FATAL ERROR in thread=3. The solver failed during the first iterations. This may happen if the initial boundary is poorly shaped or if it isn't spectrally condensed enough.
Thread 2:
	FATAL ERROR in thread=2. The solver failed during the first iterations. This may happen if the initial boundary is poorly shaped or if it isn't spectrally condensed enough.
Thread 0:
	FATAL ERROR in thread=0. The solver failed during the first iterations. This may happen if the initial boundary is poorly shaped or if it isn't spectrally condensed enough.
Thread 1:
	FATAL ERROR in thread=1. The solver failed during the first iterations. This may happen if the initial boundary is poorly shaped or if it isn't spectrally condensed enough.
"
1072451,held-out,candidate,0,True,2.0221394170002895,3.5248489169989625,2898,31,9.992585526433176e-10,9.343939802505888e-10,2.9585611378139204e-11,0.00155452678291482,717f5a2af3cd598df4cef11f237c2ce44616d9cdce81c9ee1d947e365ce33a62,48b619df4bb479ca2f91cd22cb0b72189c6e9792bda26db5adca9dbe4ca4b619,1a7c1c75ea349004161725842096d51274559ba63849880d707eee823cc42d67,
1072451,held-out,baseline,0,False,0.004519708998486749,1.1670787090006343,,,,,,,717f5a2af3cd598df4cef11f237c2ce44616d9cdce81c9ee1d947e365ce33a62,48b619df4bb479ca2f91cd22cb0b72189c6e9792bda26db5adca9dbe4ca4b619,2465dae850eae8a246bb01df229c79b75d4113380c6ef7a9b71a16314e4726b8,"ValueError: There was an error in one or more threads during a VMEC++ run:
Thread 0:
	FATAL ERROR in thread=0. The solver failed during the first iterations. This may happen if the initial boundary is poorly shaped or if it isn't spectrally condensed enough.
Thread 1:
	FATAL ERROR in thread=1. The solver failed during the first iterations. This may happen if the initial boundary is poorly shaped or if it isn't spectrally condensed enough.
Thread 3:
	FATAL ERROR in thread=3. The solver failed during the first iterations. This may happen if the initial boundary is poorly shaped or if it isn't spectrally condensed enough.
Thread 2:
	FATAL ERROR in thread=2. The solver failed during the first iterations. This may happen if the initial boundary is poorly shaped or if it isn't spectrally condensed enough.
"
1661665,held-out,candidate,2,True,1.9021535419997235,3.389232458001061,2811,31,9.996639867872814e-10,3.417828313797164e-10,1.7356465268680637e-10,0.0037250389119216293,c5f17b3325336f93805128f9b2d0b448e0655bb27a38f78a165887745ceb2ddf,c1446c4ed6a0cb3a523a38d6b27534c289908b7e7aaa9a33daebf43651a75b43,1a7c1c75ea349004161725842096d51274559ba63849880d707eee823cc42d67,
1661665,held-out,baseline,2,False,0.003864375001285225,1.1654659590003575,,,,,,,c5f17b3325336f93805128f9b2d0b448e0655bb27a38f78a165887745ceb2ddf,c1446c4ed6a0cb3a523a38d6b27534c289908b7e7aaa9a33daebf43651a75b43,2465dae850eae8a246bb01df229c79b75d4113380c6ef7a9b71a16314e4726b8,"ValueError: There was an error in one or more threads during a VMEC++ run:
Thread 1:
	FATAL ERROR in thread=1. The solver failed during the first iterations. This may happen if the initial boundary is poorly shaped or if it isn't spectrally condensed enough.
Thread 2:
	FATAL ERROR in thread=2. The solver failed during the first iterations. This may happen if the initial boundary is poorly shaped or if it isn't spectrally condensed enough.
Thread 0:
	FATAL ERROR in thread=0. The solver failed during the first iterations. This may happen if the initial boundary is poorly shaped or if it isn't spectrally condensed enough.
Thread 3:
	FATAL ERROR in thread=3. The solver failed during the first iterations. This may happen if the initial boundary is poorly shaped or if it isn't spectrally condensed enough.
"
