{
    "lasym": false,
    "nfp": 5,
    "mpol": 8,
    "ntor": 8,
    "ntheta": 49,
    "nzeta": 36,
    "ns_array": [
        51
    ],
    "ftol_array": [
        9.9999999999999998E-13
    ],
    "niter_array": [
        100000
    ],
    "delt": 0.50000000000000000,
    "tcon0": 1.0000000000000000,
    "aphi": [
        1.0000000000000000
    ],
    "phiedge": 1.7000000000000000,
    "nstep": 100,
    "pmass_type": "two_lorentz",
    "am": [
        1.0000000000000000,
        1.0000000000000000,
        1.0000000000000000,
        1.0000000000000000,
        1.0000000000000000,
        1.0000000000000000,
        1.0000000000000000,
        1.0000000000000000
    ],
    "pres_scale": 100000.00000000000,
    "gamma": 0E-16,
    "spres_ped": 1.0000000000000000,
    "ncurr": 1,
    "pcurr_type": "sum_atan",
    "ac": [
        0E-16,
        1.0000000000000000,
        1.0000000000000000,
        1.5000000000000000,
        1.0000000000000000
    ],
    "curtor": 0E-16,
    "bloat": 1.0000000000000000,
    "lfreeb": true,
    "mgrid_file": "mgrid_w7x.nc",
    "extcur": [
        13600.000000000000,
        13600.000000000000,
        13600.000000000000,
        13600.000000000000,
        13600.000000000000,
        0E-16,
        0E-16
    ],
    "nvacskip": 10,
    "lforbal": false,
    "raxis_c": [
        5.5690769083995653,
        0.40343573614839578,
        0.012657655696829712,
        -0.018072119539224225,
        -0.0098081718681087768,
        0.0033105930472159765,
        0.0074793377613871842,
        0.0010274928928953105,
        -0.0057844885952352768
    ],
    "zaxis_s": [
        0E-16,
        -0.29655777560128055,
        0.024249090686326809,
        0.027747620806398626,
        -0.0030999173004839921,
        -0.014153285166226886,
        -0.0011162567830608949,
        0.012453763491031413,
        0.0067740439457466706
    ],
    "rbc": [
        {
            "n": 0,
            "m": 0,
            "value": 5.52099999999999991
        },
        {
            "n": 1,
            "m": 0,
            "value": 0.278490000000000015
        },
        {
            "n": 0,
            "m": 1,
            "value": 0.488999999999999990
        }
    ],
    "zbs": [
        {
            "n": 1,
            "m": 0,
            "value": -0.235039999999999999
        },
        {
            "n": 0,
            "m": 1,
            "value": 0.624959999999999960
        }
    ]
}
