{
  "frobenius_J": 4872.322696433772,
  "frobenius_PiJ": 520.6375094540554,
  "spectral_J": 1336.799698463875,
  "spectral_PiJ": 207.52757688040327,
  "min_sv_J": 5.658528593762993e-81,
  "min_sv_PiJ": 2.422881939035397e-82,
  "cond_J": 2.3624510794861716e+83,
  "cond_PiJ": 8.565319404833427e+83,
  "min_eig_sym_PiJ": -104.96929532962713,
  "max_eig_sym_PiJ": 102.56312584058495,
  "N": 2250
}
