{
  "N": 2250,
  "frobenius_J": 4872.318170110386,
  "frobenius_PiJ": 520.57830552836,
  "spectral_J": 1336.784664497623,
  "spectral_PiJ": 207.5247518932112,
  "min_sv_J": 2.8640609113341165e-84,
  "min_sv_PiJ": 4.5143206584602433e-82,
  "J_rel_tol_1e-06": {
    "rank": 1372,
    "cond_eff": 990570.1419854271,
    "threshold": 0.0013367846644976229
  },
  "PiJ_rel_tol_1e-06": {
    "rank": 1541,
    "cond_eff": 990867.2588774458,
    "threshold": 0.00020752475189321119
  },
  "J_rel_tol_1e-08": {
    "rank": 1570,
    "cond_eff": 70893977.30296105,
    "threshold": 1.336784664497623e-05
  },
  "PiJ_rel_tol_1e-08": {
    "rank": 1570,
    "cond_eff": 8545566.55228865,
    "threshold": 2.075247518932112e-06
  },
  "J_rel_tol_1e-10": {
    "rank": 1570,
    "cond_eff": 70893977.30296105,
    "threshold": 1.336784664497623e-07
  },
  "PiJ_rel_tol_1e-10": {
    "rank": 1570,
    "cond_eff": 8545566.55228865,
    "threshold": 2.075247518932112e-08
  },
  "J_rel_tol_1e-12": {
    "rank": 1570,
    "cond_eff": 70893977.30296105,
    "threshold": 1.336784664497623e-09
  },
  "PiJ_rel_tol_1e-12": {
    "rank": 1570,
    "cond_eff": 8545566.55228865,
    "threshold": 2.075247518932112e-10
  }
}
