{
  "frobenius_J": 4872.318170110386,
  "frobenius_PiJ": 520.57830552836,
  "spectral_J": 1336.784664497623,
  "spectral_PiJ": 207.5247518932112,
  "min_sv_J": 2.8640609113341165e-84,
  "min_sv_PiJ": 4.5143206584602433e-82,
  "cond_J": 4.6674449527504336e+86,
  "cond_PiJ": 4.597031704079132e+83,
  "min_eig_sym_PiJ": -104.96590897918796,
  "max_eig_sym_PiJ": 102.5636537424858,
  "N": 2250
}
