{
  "N": 2250,
  "frobenius_J": 4872.322696433772,
  "frobenius_PiJ": 520.6375094540554,
  "spectral_J": 1336.799698463875,
  "spectral_PiJ": 207.52757688040327,
  "min_sv_J": 5.658528593762993e-81,
  "min_sv_PiJ": 2.422881939035397e-82,
  "J_rel_tol_1e-06": {
    "rank": 1372,
    "cond_eff": 990595.4043739447,
    "threshold": 0.0013367996984638751
  },
  "PiJ_rel_tol_1e-06": {
    "rank": 1542,
    "cond_eff": 999790.8257599629,
    "threshold": 0.00020752757688040328
  },
  "J_rel_tol_1e-08": {
    "rank": 1570,
    "cond_eff": 70895442.03499538,
    "threshold": 1.336799698463875e-05
  },
  "PiJ_rel_tol_1e-08": {
    "rank": 1570,
    "cond_eff": 8539659.363105237,
    "threshold": 2.075275768804033e-06
  },
  "J_rel_tol_1e-10": {
    "rank": 1570,
    "cond_eff": 70895442.03499538,
    "threshold": 1.3367996984638752e-07
  },
  "PiJ_rel_tol_1e-10": {
    "rank": 1570,
    "cond_eff": 8539659.363105237,
    "threshold": 2.075275768804033e-08
  },
  "J_rel_tol_1e-12": {
    "rank": 1570,
    "cond_eff": 70895442.03499538,
    "threshold": 1.336799698463875e-09
  },
  "PiJ_rel_tol_1e-12": {
    "rank": 1570,
    "cond_eff": 8539659.363105237,
    "threshold": 2.0752757688040328e-10
  }
}
