{
  "N": 990,
  "frobenius_J": 26155.850610045694,
  "frobenius_PiJ": 211.04485400467993,
  "spectral_J": 5458.553419740767,
  "spectral_PiJ": 67.56254608623819,
  "min_sv_J": 8.899967072514988e-52,
  "min_sv_PiJ": 2.13536592806691e-52,
  "J_rel_tol_1e-06": {
    "rank": 835,
    "cond_eff": 976215.5922728479,
    "threshold": 0.005458553419740767
  },
  "PiJ_rel_tol_1e-06": {
    "rank": 854,
    "cond_eff": 610852.2067894925,
    "threshold": 6.756254608623819e-05
  },
  "J_rel_tol_1e-08": {
    "rank": 854,
    "cond_eff": 11383750.413834028,
    "threshold": 5.458553419740767e-05
  },
  "PiJ_rel_tol_1e-08": {
    "rank": 854,
    "cond_eff": 610852.2067894925,
    "threshold": 6.756254608623819e-07
  },
  "J_rel_tol_1e-10": {
    "rank": 854,
    "cond_eff": 11383750.413834028,
    "threshold": 5.458553419740767e-07
  },
  "PiJ_rel_tol_1e-10": {
    "rank": 854,
    "cond_eff": 610852.2067894925,
    "threshold": 6.756254608623819e-09
  },
  "J_rel_tol_1e-12": {
    "rank": 854,
    "cond_eff": 11383750.413834028,
    "threshold": 5.4585534197407664e-09
  },
  "PiJ_rel_tol_1e-12": {
    "rank": 854,
    "cond_eff": 610852.2067894925,
    "threshold": 6.756254608623819e-11
  }
}
