{
  "frobenius_J": 26155.850611139136,
  "frobenius_PiJ": 211.0254431340291,
  "spectral_J": 5458.553420802199,
  "spectral_PiJ": 67.5606599426811,
  "min_sv_J": 6.361987556059508e-52,
  "min_sv_PiJ": 2.923302102335816e-52,
  "cond_J": 8.579949854826691e+54,
  "cond_PiJ": 2.311107698677392e+53,
  "min_eig_sym_PiJ": -34.45015228984951,
  "max_eig_sym_PiJ": 33.111514167231135,
  "N": 990
}
