{
  "N": 990,
  "frobenius_J": 26155.850611139136,
  "frobenius_PiJ": 211.0254431340291,
  "spectral_J": 5458.553420802199,
  "spectral_PiJ": 67.5606599426811,
  "min_sv_J": 6.361987556059508e-52,
  "min_sv_PiJ": 2.923302102335816e-52,
  "J_rel_tol_1e-06": {
    "rank": 835,
    "cond_eff": 976215.5891852234,
    "threshold": 0.005458553420802199
  },
  "PiJ_rel_tol_1e-06": {
    "rank": 854,
    "cond_eff": 610836.0097987357,
    "threshold": 6.756065994268109e-05
  },
  "J_rel_tol_1e-08": {
    "rank": 854,
    "cond_eff": 11383750.402850626,
    "threshold": 5.458553420802199e-05
  },
  "PiJ_rel_tol_1e-08": {
    "rank": 854,
    "cond_eff": 610836.0097987357,
    "threshold": 6.75606599426811e-07
  },
  "J_rel_tol_1e-10": {
    "rank": 854,
    "cond_eff": 11383750.402850626,
    "threshold": 5.458553420802199e-07
  },
  "PiJ_rel_tol_1e-10": {
    "rank": 854,
    "cond_eff": 610836.0097987357,
    "threshold": 6.7560659942681105e-09
  },
  "J_rel_tol_1e-12": {
    "rank": 854,
    "cond_eff": 11383750.402850626,
    "threshold": 5.458553420802199e-09
  },
  "PiJ_rel_tol_1e-12": {
    "rank": 854,
    "cond_eff": 610836.0097987357,
    "threshold": 6.756065994268109e-11
  }
}
