{
  "frobenius_J": 26155.850610045694,
  "frobenius_PiJ": 211.04485400467993,
  "spectral_J": 5458.553419740767,
  "spectral_PiJ": 67.56254608623819,
  "min_sv_J": 8.899967072514988e-52,
  "min_sv_PiJ": 2.13536592806691e-52,
  "cond_J": 6.133228780809711e+54,
  "cond_PiJ": 3.163979774998132e+53,
  "min_eig_sym_PiJ": -34.451415062120354,
  "max_eig_sym_PiJ": 33.112179280955644,
  "N": 990
}
