{
  "N": 1980,
  "frobenius_J": 377594.6647643037,
  "frobenius_PiJ": 150.97602403440803,
  "spectral_J": 81545.64365502408,
  "spectral_PiJ": 54.098468729201215,
  "min_sv_J": 2.2668331095420964e-79,
  "min_sv_PiJ": 5.7520386643581334e-83,
  "J_rel_tol_1e-06": {
    "rank": 1340,
    "cond_eff": 940229.4458898553,
    "threshold": 0.08154564365502408
  },
  "PiJ_rel_tol_1e-06": {
    "rank": 1354,
    "cond_eff": 700391.8273354744,
    "threshold": 5.4098468729201214e-05
  },
  "J_rel_tol_1e-08": {
    "rank": 1354,
    "cond_eff": 8819250.745480761,
    "threshold": 0.0008154564365502408
  },
  "PiJ_rel_tol_1e-08": {
    "rank": 1354,
    "cond_eff": 700391.8273354744,
    "threshold": 5.409846872920122e-07
  },
  "J_rel_tol_1e-10": {
    "rank": 1354,
    "cond_eff": 8819250.745480761,
    "threshold": 8.154564365502407e-06
  },
  "PiJ_rel_tol_1e-10": {
    "rank": 1354,
    "cond_eff": 700391.8273354744,
    "threshold": 5.409846872920122e-09
  },
  "J_rel_tol_1e-12": {
    "rank": 1354,
    "cond_eff": 8819250.745480761,
    "threshold": 8.154564365502407e-08
  },
  "PiJ_rel_tol_1e-12": {
    "rank": 1354,
    "cond_eff": 700391.8273354744,
    "threshold": 5.409846872920121e-11
  }
}
