{
  "frobenius_J": 377594.6647643037,
  "frobenius_PiJ": 150.97602403440803,
  "spectral_J": 81545.64365502408,
  "spectral_PiJ": 54.098468729201215,
  "min_sv_J": 2.2668331095420964e-79,
  "min_sv_PiJ": 5.7520386643581334e-83,
  "cond_J": 3.5973377709970197e+83,
  "cond_PiJ": 9.405094764820749e+83,
  "min_eig_sym_PiJ": -28.125162684262833,
  "max_eig_sym_PiJ": 25.980000323359242,
  "N": 1980
}
