{
  "N": 1980,
  "frobenius_J": 377611.3434932124,
  "frobenius_PiJ": 151.06889302782628,
  "spectral_J": 81590.55126540568,
  "spectral_PiJ": 54.12730175149353,
  "min_sv_J": 3.7943379498376014e-81,
  "min_sv_PiJ": 2.438346512303031e-82,
  "J_rel_tol_1e-06": {
    "rank": 1340,
    "cond_eff": 940745.4055251288,
    "threshold": 0.08159055126540568
  },
  "PiJ_rel_tol_1e-06": {
    "rank": 1354,
    "cond_eff": 700943.7424808227,
    "threshold": 5.412730175149353e-05
  },
  "J_rel_tol_1e-08": {
    "rank": 1354,
    "cond_eff": 8823997.063889418,
    "threshold": 0.0008159055126540568
  },
  "PiJ_rel_tol_1e-08": {
    "rank": 1354,
    "cond_eff": 700943.7424808227,
    "threshold": 5.412730175149353e-07
  },
  "J_rel_tol_1e-10": {
    "rank": 1354,
    "cond_eff": 8823997.063889418,
    "threshold": 8.159055126540568e-06
  },
  "PiJ_rel_tol_1e-10": {
    "rank": 1354,
    "cond_eff": 700943.7424808227,
    "threshold": 5.412730175149354e-09
  },
  "J_rel_tol_1e-12": {
    "rank": 1354,
    "cond_eff": 8823997.063889418,
    "threshold": 8.159055126540568e-08
  },
  "PiJ_rel_tol_1e-12": {
    "rank": 1354,
    "cond_eff": 700943.7424808227,
    "threshold": 5.412730175149353e-11
  }
}
