{
  "frobenius_J": 377611.3434932124,
  "frobenius_PiJ": 151.06889302782628,
  "spectral_J": 81590.55126540568,
  "spectral_PiJ": 54.12730175149353,
  "min_sv_J": 3.7943379498376014e-81,
  "min_sv_PiJ": 2.438346512303031e-82,
  "cond_J": 2.1503237809615186e+85,
  "cond_PiJ": 2.2198363308244493e+83,
  "min_eig_sym_PiJ": -28.141320061854355,
  "max_eig_sym_PiJ": 25.992707478571848,
  "N": 1980
}
